,imdb_id,path
0,tt0023427,/home/gpuadmin/data/mv_trailer/tt0023427
2,tt0031381,/home/gpuadmin/data/mv_trailer/tt0031381
3,tt0032910,/home/gpuadmin/data/mv_trailer/tt0032910
4,tt0034492,/home/gpuadmin/data/mv_trailer/tt0034492
5,tt0035896,/home/gpuadmin/data/mv_trailer/tt0035896
8,tt0041716,/home/gpuadmin/data/mv_trailer/tt0041716
10,tt0043379,/home/gpuadmin/data/mv_trailer/tt0043379
11,tt0044926,/home/gpuadmin/data/mv_trailer/tt0044926
12,tt0045125,/home/gpuadmin/data/mv_trailer/tt0045125
14,tt0045810,/home/gpuadmin/data/mv_trailer/tt0045810
15,tt0045888,/home/gpuadmin/data/mv_trailer/tt0045888
16,tt0045963,/home/gpuadmin/data/mv_trailer/tt0045963
17,tt0046183,/home/gpuadmin/data/mv_trailer/tt0046183
18,tt0046303,/home/gpuadmin/data/mv_trailer/tt0046303
19,tt0046672,/home/gpuadmin/data/mv_trailer/tt0046672
20,tt0046912,/home/gpuadmin/data/mv_trailer/tt0046912
21,tt0047396,/home/gpuadmin/data/mv_trailer/tt0047396
22,tt0047472,/home/gpuadmin/data/mv_trailer/tt0047472
23,tt0047673,/home/gpuadmin/data/mv_trailer/tt0047673
24,tt0047834,/home/gpuadmin/data/mv_trailer/tt0047834
25,tt0047849,/home/gpuadmin/data/mv_trailer/tt0047849
26,tt0048545,/home/gpuadmin/data/mv_trailer/tt0048545
27,tt0048728,/home/gpuadmin/data/mv_trailer/tt0048728
28,tt0048801,/home/gpuadmin/data/mv_trailer/tt0048801
30,tt0049261,/home/gpuadmin/data/mv_trailer/tt0049261
31,tt0049966,/home/gpuadmin/data/mv_trailer/tt0049966
32,tt0050419,/home/gpuadmin/data/mv_trailer/tt0050419
33,tt0051459,/home/gpuadmin/data/mv_trailer/tt0051459
35,tt0051658,/home/gpuadmin/data/mv_trailer/tt0051658
37,tt0052905,/home/gpuadmin/data/mv_trailer/tt0052905
38,tt0052918,/home/gpuadmin/data/mv_trailer/tt0052918
39,tt0052948,/home/gpuadmin/data/mv_trailer/tt0052948
40,tt0053172,/home/gpuadmin/data/mv_trailer/tt0053172
41,tt0053221,/home/gpuadmin/data/mv_trailer/tt0053221
42,tt0054047,/home/gpuadmin/data/mv_trailer/tt0054047
43,tt0054195,/home/gpuadmin/data/mv_trailer/tt0054195
44,tt0054331,/home/gpuadmin/data/mv_trailer/tt0054331
45,tt0054494,/home/gpuadmin/data/mv_trailer/tt0054494
47,tt0054847,/home/gpuadmin/data/mv_trailer/tt0054847
48,tt0055257,/home/gpuadmin/data/mv_trailer/tt0055257
49,tt0055304,/home/gpuadmin/data/mv_trailer/tt0055304
50,tt0055471,/home/gpuadmin/data/mv_trailer/tt0055471
51,tt0055614,/home/gpuadmin/data/mv_trailer/tt0055614
52,tt0055928,/home/gpuadmin/data/mv_trailer/tt0055928
54,tt0056923,/home/gpuadmin/data/mv_trailer/tt0056923
55,tt0057076,/home/gpuadmin/data/mv_trailer/tt0057076
56,tt0057197,/home/gpuadmin/data/mv_trailer/tt0057197
58,tt0058329,/home/gpuadmin/data/mv_trailer/tt0058329
59,tt0058385,/home/gpuadmin/data/mv_trailer/tt0058385
60,tt0058571,/home/gpuadmin/data/mv_trailer/tt0058571
61,tt0058672,/home/gpuadmin/data/mv_trailer/tt0058672
62,tt0058777,/home/gpuadmin/data/mv_trailer/tt0058777
63,tt0059017,/home/gpuadmin/data/mv_trailer/tt0059017
65,tt0059125,/home/gpuadmin/data/mv_trailer/tt0059125
66,tt0059800,/home/gpuadmin/data/mv_trailer/tt0059800
67,tt0060345,/home/gpuadmin/data/mv_trailer/tt0060345
68,tt0060390,/home/gpuadmin/data/mv_trailer/tt0060390
69,tt0060397,/home/gpuadmin/data/mv_trailer/tt0060397
70,tt0060522,/home/gpuadmin/data/mv_trailer/tt0060522
73,tt0061512,/home/gpuadmin/data/mv_trailer/tt0061512
74,tt0061584,/home/gpuadmin/data/mv_trailer/tt0061584
75,tt0061791,/home/gpuadmin/data/mv_trailer/tt0061791
76,tt0061810,/home/gpuadmin/data/mv_trailer/tt0061810
77,tt0061811,/home/gpuadmin/data/mv_trailer/tt0061811
78,tt0061852,/home/gpuadmin/data/mv_trailer/tt0061852
80,tt0062168,/home/gpuadmin/data/mv_trailer/tt0062168
81,tt0062512,/home/gpuadmin/data/mv_trailer/tt0062512
84,tt0062737,/home/gpuadmin/data/mv_trailer/tt0062737
86,tt0062803,/home/gpuadmin/data/mv_trailer/tt0062803
88,tt0063385,/home/gpuadmin/data/mv_trailer/tt0063385
93,tt0064603,/home/gpuadmin/data/mv_trailer/tt0064603
94,tt0064665,/home/gpuadmin/data/mv_trailer/tt0064665
96,tt0064782,/home/gpuadmin/data/mv_trailer/tt0064782
97,tt0065054,/home/gpuadmin/data/mv_trailer/tt0065054
98,tt0065063,/home/gpuadmin/data/mv_trailer/tt0065063
99,tt0065088,/home/gpuadmin/data/mv_trailer/tt0065088
100,tt0065112,/home/gpuadmin/data/mv_trailer/tt0065112
101,tt0065134,/home/gpuadmin/data/mv_trailer/tt0065134
102,tt0065207,/home/gpuadmin/data/mv_trailer/tt0065207
103,tt0065377,/home/gpuadmin/data/mv_trailer/tt0065377
105,tt0065724,/home/gpuadmin/data/mv_trailer/tt0065724
106,tt0065738,/home/gpuadmin/data/mv_trailer/tt0065738
107,tt0066206,/home/gpuadmin/data/mv_trailer/tt0066206
110,tt0066808,/home/gpuadmin/data/mv_trailer/tt0066808
111,tt0066995,/home/gpuadmin/data/mv_trailer/tt0066995
113,tt0067023,/home/gpuadmin/data/mv_trailer/tt0067023
114,tt0067065,/home/gpuadmin/data/mv_trailer/tt0067065
115,tt0067093,/home/gpuadmin/data/mv_trailer/tt0067093
117,tt0067309,/home/gpuadmin/data/mv_trailer/tt0067309
121,tt0067959,/home/gpuadmin/data/mv_trailer/tt0067959
123,tt0068240,/home/gpuadmin/data/mv_trailer/tt0068240
124,tt0068327,/home/gpuadmin/data/mv_trailer/tt0068327
126,tt0068555,/home/gpuadmin/data/mv_trailer/tt0068555
129,tt0068762,/home/gpuadmin/data/mv_trailer/tt0068762
130,tt0069097,/home/gpuadmin/data/mv_trailer/tt0069097
133,tt0069704,/home/gpuadmin/data/mv_trailer/tt0069704
134,tt0069762,/home/gpuadmin/data/mv_trailer/tt0069762
135,tt0069865,/home/gpuadmin/data/mv_trailer/tt0069865
137,tt0070016,/home/gpuadmin/data/mv_trailer/tt0070016
139,tt0070239,/home/gpuadmin/data/mv_trailer/tt0070239
140,tt0070328,/home/gpuadmin/data/mv_trailer/tt0070328
141,tt0070355,/home/gpuadmin/data/mv_trailer/tt0070355
142,tt0070379,/home/gpuadmin/data/mv_trailer/tt0070379
143,tt0070511,/home/gpuadmin/data/mv_trailer/tt0070511
144,tt0070608,/home/gpuadmin/data/mv_trailer/tt0070608
147,tt0071110,/home/gpuadmin/data/mv_trailer/tt0071110
151,tt0071402,/home/gpuadmin/data/mv_trailer/tt0071402
153,tt0071569,/home/gpuadmin/data/mv_trailer/tt0071569
156,tt0072288,/home/gpuadmin/data/mv_trailer/tt0072288
157,tt0072684,/home/gpuadmin/data/mv_trailer/tt0072684
158,tt0072890,/home/gpuadmin/data/mv_trailer/tt0072890
159,tt0073018,/home/gpuadmin/data/mv_trailer/tt0073018
160,tt0073195,/home/gpuadmin/data/mv_trailer/tt0073195
161,tt0073440,/home/gpuadmin/data/mv_trailer/tt0073440
163,tt0073540,/home/gpuadmin/data/mv_trailer/tt0073540
164,tt0073812,/home/gpuadmin/data/mv_trailer/tt0073812
165,tt0074119,/home/gpuadmin/data/mv_trailer/tt0074119
166,tt0074256,/home/gpuadmin/data/mv_trailer/tt0074256
169,tt0074512,/home/gpuadmin/data/mv_trailer/tt0074512
172,tt0074937,/home/gpuadmin/data/mv_trailer/tt0074937
174,tt0074991,/home/gpuadmin/data/mv_trailer/tt0074991
176,tt0075222,/home/gpuadmin/data/mv_trailer/tt0075222
177,tt0075223,/home/gpuadmin/data/mv_trailer/tt0075223
178,tt0075261,/home/gpuadmin/data/mv_trailer/tt0075261
180,tt0075648,/home/gpuadmin/data/mv_trailer/tt0075648
181,tt0075860,/home/gpuadmin/data/mv_trailer/tt0075860
182,tt0076009,/home/gpuadmin/data/mv_trailer/tt0076009
183,tt0076141,/home/gpuadmin/data/mv_trailer/tt0076141
184,tt0076451,/home/gpuadmin/data/mv_trailer/tt0076451
185,tt0076538,/home/gpuadmin/data/mv_trailer/tt0076538
186,tt0076578,/home/gpuadmin/data/mv_trailer/tt0076578
187,tt0076636,/home/gpuadmin/data/mv_trailer/tt0076636
188,tt0076716,/home/gpuadmin/data/mv_trailer/tt0076716
190,tt0077235,/home/gpuadmin/data/mv_trailer/tt0077235
191,tt0077394,/home/gpuadmin/data/mv_trailer/tt0077394
193,tt0077405,/home/gpuadmin/data/mv_trailer/tt0077405
194,tt0077413,/home/gpuadmin/data/mv_trailer/tt0077413
195,tt0077523,/home/gpuadmin/data/mv_trailer/tt0077523
196,tt0077572,/home/gpuadmin/data/mv_trailer/tt0077572
197,tt0077578,/home/gpuadmin/data/mv_trailer/tt0077578
199,tt0077663,/home/gpuadmin/data/mv_trailer/tt0077663
200,tt0077742,/home/gpuadmin/data/mv_trailer/tt0077742
201,tt0077745,/home/gpuadmin/data/mv_trailer/tt0077745
203,tt0078087,/home/gpuadmin/data/mv_trailer/tt0078087
204,tt0078158,/home/gpuadmin/data/mv_trailer/tt0078158
205,tt0078346,/home/gpuadmin/data/mv_trailer/tt0078346
207,tt0078721,/home/gpuadmin/data/mv_trailer/tt0078721
208,tt0078723,/home/gpuadmin/data/mv_trailer/tt0078723
210,tt0078754,/home/gpuadmin/data/mv_trailer/tt0078754
212,tt0078902,/home/gpuadmin/data/mv_trailer/tt0078902
214,tt0079116,/home/gpuadmin/data/mv_trailer/tt0079116
215,tt0079261,/home/gpuadmin/data/mv_trailer/tt0079261
216,tt0079285,/home/gpuadmin/data/mv_trailer/tt0079285
217,tt0079417,/home/gpuadmin/data/mv_trailer/tt0079417
218,tt0079489,/home/gpuadmin/data/mv_trailer/tt0079489
220,tt0079522,/home/gpuadmin/data/mv_trailer/tt0079522
221,tt0079540,/home/gpuadmin/data/mv_trailer/tt0079540
222,tt0079574,/home/gpuadmin/data/mv_trailer/tt0079574
223,tt0079766,/home/gpuadmin/data/mv_trailer/tt0079766
224,tt0079817,/home/gpuadmin/data/mv_trailer/tt0079817
226,tt0080031,/home/gpuadmin/data/mv_trailer/tt0080031
227,tt0080319,/home/gpuadmin/data/mv_trailer/tt0080319
230,tt0080365,/home/gpuadmin/data/mv_trailer/tt0080365
231,tt0080377,/home/gpuadmin/data/mv_trailer/tt0080377
232,tt0080391,/home/gpuadmin/data/mv_trailer/tt0080391
233,tt0080421,/home/gpuadmin/data/mv_trailer/tt0080421
234,tt0080472,/home/gpuadmin/data/mv_trailer/tt0080472
235,tt0080474,/home/gpuadmin/data/mv_trailer/tt0080474
239,tt0080745,/home/gpuadmin/data/mv_trailer/tt0080745
242,tt0080979,/home/gpuadmin/data/mv_trailer/tt0080979
244,tt0081207,/home/gpuadmin/data/mv_trailer/tt0081207
245,tt0081283,/home/gpuadmin/data/mv_trailer/tt0081283
246,tt0081375,/home/gpuadmin/data/mv_trailer/tt0081375
250,tt0081534,/home/gpuadmin/data/mv_trailer/tt0081534
251,tt0081573,/home/gpuadmin/data/mv_trailer/tt0081573
252,tt0081696,/home/gpuadmin/data/mv_trailer/tt0081696
253,tt0081748,/home/gpuadmin/data/mv_trailer/tt0081748
254,tt0082009,/home/gpuadmin/data/mv_trailer/tt0082009
255,tt0082031,/home/gpuadmin/data/mv_trailer/tt0082031
256,tt0082085,/home/gpuadmin/data/mv_trailer/tt0082085
257,tt0082089,/home/gpuadmin/data/mv_trailer/tt0082089
258,tt0082158,/home/gpuadmin/data/mv_trailer/tt0082158
259,tt0082220,/home/gpuadmin/data/mv_trailer/tt0082220
260,tt0082288,/home/gpuadmin/data/mv_trailer/tt0082288
262,tt0082348,/home/gpuadmin/data/mv_trailer/tt0082348
263,tt0082398,/home/gpuadmin/data/mv_trailer/tt0082398
265,tt0082432,/home/gpuadmin/data/mv_trailer/tt0082432
266,tt0082449,/home/gpuadmin/data/mv_trailer/tt0082449
268,tt0082498,/home/gpuadmin/data/mv_trailer/tt0082498
270,tt0082517,/home/gpuadmin/data/mv_trailer/tt0082517
271,tt0082727,/home/gpuadmin/data/mv_trailer/tt0082727
272,tt0082766,/home/gpuadmin/data/mv_trailer/tt0082766
273,tt0082782,/home/gpuadmin/data/mv_trailer/tt0082782
274,tt0082846,/home/gpuadmin/data/mv_trailer/tt0082846
275,tt0082869,/home/gpuadmin/data/mv_trailer/tt0082869
277,tt0082970,/home/gpuadmin/data/mv_trailer/tt0082970
279,tt0083284,/home/gpuadmin/data/mv_trailer/tt0083284
281,tt0083530,/home/gpuadmin/data/mv_trailer/tt0083530
283,tt0083564,/home/gpuadmin/data/mv_trailer/tt0083564
288,tt0083806,/home/gpuadmin/data/mv_trailer/tt0083806
289,tt0083929,/home/gpuadmin/data/mv_trailer/tt0083929
290,tt0083943,/home/gpuadmin/data/mv_trailer/tt0083943
292,tt0084021,/home/gpuadmin/data/mv_trailer/tt0084021
294,tt0084370,/home/gpuadmin/data/mv_trailer/tt0084370
297,tt0084522,/home/gpuadmin/data/mv_trailer/tt0084522
299,tt0084707,/home/gpuadmin/data/mv_trailer/tt0084707
301,tt0084786,/home/gpuadmin/data/mv_trailer/tt0084786
302,tt0084805,/home/gpuadmin/data/mv_trailer/tt0084805
303,tt0084854,/home/gpuadmin/data/mv_trailer/tt0084854
304,tt0084899,/home/gpuadmin/data/mv_trailer/tt0084899
305,tt0085204,/home/gpuadmin/data/mv_trailer/tt0085204
306,tt0085255,/home/gpuadmin/data/mv_trailer/tt0085255
307,tt0085271,/home/gpuadmin/data/mv_trailer/tt0085271
308,tt0085276,/home/gpuadmin/data/mv_trailer/tt0085276
309,tt0085382,/home/gpuadmin/data/mv_trailer/tt0085382
310,tt0085475,/home/gpuadmin/data/mv_trailer/tt0085475
311,tt0085636,/home/gpuadmin/data/mv_trailer/tt0085636
312,tt0085672,/home/gpuadmin/data/mv_trailer/tt0085672
314,tt0085724,/home/gpuadmin/data/mv_trailer/tt0085724
315,tt0085750,/home/gpuadmin/data/mv_trailer/tt0085750
316,tt0085809,/home/gpuadmin/data/mv_trailer/tt0085809
317,tt0085811,/home/gpuadmin/data/mv_trailer/tt0085811
318,tt0085937,/home/gpuadmin/data/mv_trailer/tt0085937
319,tt0085970,/home/gpuadmin/data/mv_trailer/tt0085970
320,tt0085980,/home/gpuadmin/data/mv_trailer/tt0085980
321,tt0085995,/home/gpuadmin/data/mv_trailer/tt0085995
322,tt0086034,/home/gpuadmin/data/mv_trailer/tt0086034
323,tt0086143,/home/gpuadmin/data/mv_trailer/tt0086143
324,tt0086154,/home/gpuadmin/data/mv_trailer/tt0086154
326,tt0086200,/home/gpuadmin/data/mv_trailer/tt0086200
329,tt0086361,/home/gpuadmin/data/mv_trailer/tt0086361
331,tt0086425,/home/gpuadmin/data/mv_trailer/tt0086425
332,tt0086450,/home/gpuadmin/data/mv_trailer/tt0086450
334,tt0086525,/home/gpuadmin/data/mv_trailer/tt0086525
336,tt0086567,/home/gpuadmin/data/mv_trailer/tt0086567
337,tt0086859,/home/gpuadmin/data/mv_trailer/tt0086859
340,tt0086973,/home/gpuadmin/data/mv_trailer/tt0086973
341,tt0087032,/home/gpuadmin/data/mv_trailer/tt0087032
343,tt0087065,/home/gpuadmin/data/mv_trailer/tt0087065
344,tt0087277,/home/gpuadmin/data/mv_trailer/tt0087277
346,tt0087363,/home/gpuadmin/data/mv_trailer/tt0087363
348,tt0087507,/home/gpuadmin/data/mv_trailer/tt0087507
349,tt0087747,/home/gpuadmin/data/mv_trailer/tt0087747
351,tt0087884,/home/gpuadmin/data/mv_trailer/tt0087884
353,tt0087921,/home/gpuadmin/data/mv_trailer/tt0087921
355,tt0087985,/home/gpuadmin/data/mv_trailer/tt0087985
357,tt0088000,/home/gpuadmin/data/mv_trailer/tt0088000
358,tt0088103,/home/gpuadmin/data/mv_trailer/tt0088103
359,tt0088128,/home/gpuadmin/data/mv_trailer/tt0088128
360,tt0088161,/home/gpuadmin/data/mv_trailer/tt0088161
361,tt0088170,/home/gpuadmin/data/mv_trailer/tt0088170
363,tt0088206,/home/gpuadmin/data/mv_trailer/tt0088206
369,tt0088850,/home/gpuadmin/data/mv_trailer/tt0088850
370,tt0088889,/home/gpuadmin/data/mv_trailer/tt0088889
373,tt0089003,/home/gpuadmin/data/mv_trailer/tt0089003
374,tt0089015,/home/gpuadmin/data/mv_trailer/tt0089015
375,tt0089092,/home/gpuadmin/data/mv_trailer/tt0089092
376,tt0089114,/home/gpuadmin/data/mv_trailer/tt0089114
377,tt0089118,/home/gpuadmin/data/mv_trailer/tt0089118
378,tt0089122,/home/gpuadmin/data/mv_trailer/tt0089122
379,tt0089155,/home/gpuadmin/data/mv_trailer/tt0089155
380,tt0089175,/home/gpuadmin/data/mv_trailer/tt0089175
382,tt0089393,/home/gpuadmin/data/mv_trailer/tt0089393
383,tt0089421,/home/gpuadmin/data/mv_trailer/tt0089421
384,tt0089424,/home/gpuadmin/data/mv_trailer/tt0089424
387,tt0089489,/home/gpuadmin/data/mv_trailer/tt0089489
388,tt0089504,/home/gpuadmin/data/mv_trailer/tt0089504
389,tt0089530,/home/gpuadmin/data/mv_trailer/tt0089530
390,tt0089604,/home/gpuadmin/data/mv_trailer/tt0089604
391,tt0089643,/home/gpuadmin/data/mv_trailer/tt0089643
392,tt0089755,/home/gpuadmin/data/mv_trailer/tt0089755
393,tt0089767,/home/gpuadmin/data/mv_trailer/tt0089767
394,tt0089791,/home/gpuadmin/data/mv_trailer/tt0089791
396,tt0089841,/home/gpuadmin/data/mv_trailer/tt0089841
399,tt0089886,/home/gpuadmin/data/mv_trailer/tt0089886
400,tt0089893,/home/gpuadmin/data/mv_trailer/tt0089893
402,tt0089913,/home/gpuadmin/data/mv_trailer/tt0089913
404,tt0089941,/home/gpuadmin/data/mv_trailer/tt0089941
405,tt0090022,/home/gpuadmin/data/mv_trailer/tt0090022
406,tt0090056,/home/gpuadmin/data/mv_trailer/tt0090056
407,tt0090060,/home/gpuadmin/data/mv_trailer/tt0090060
408,tt0090098,/home/gpuadmin/data/mv_trailer/tt0090098
409,tt0090142,/home/gpuadmin/data/mv_trailer/tt0090142
410,tt0090180,/home/gpuadmin/data/mv_trailer/tt0090180
411,tt0090184,/home/gpuadmin/data/mv_trailer/tt0090184
412,tt0090305,/home/gpuadmin/data/mv_trailer/tt0090305
415,tt0090555,/home/gpuadmin/data/mv_trailer/tt0090555
416,tt0090567,/home/gpuadmin/data/mv_trailer/tt0090567
418,tt0090660,/home/gpuadmin/data/mv_trailer/tt0090660
419,tt0090670,/home/gpuadmin/data/mv_trailer/tt0090670
420,tt0090683,/home/gpuadmin/data/mv_trailer/tt0090683
421,tt0090738,/home/gpuadmin/data/mv_trailer/tt0090738
423,tt0090837,/home/gpuadmin/data/mv_trailer/tt0090837
424,tt0090856,/home/gpuadmin/data/mv_trailer/tt0090856
426,tt0090888,/home/gpuadmin/data/mv_trailer/tt0090888
427,tt0091042,/home/gpuadmin/data/mv_trailer/tt0091042
428,tt0091053,/home/gpuadmin/data/mv_trailer/tt0091053
429,tt0091083,/home/gpuadmin/data/mv_trailer/tt0091083
430,tt0091187,/home/gpuadmin/data/mv_trailer/tt0091187
432,tt0091217,/home/gpuadmin/data/mv_trailer/tt0091217
433,tt0091225,/home/gpuadmin/data/mv_trailer/tt0091225
434,tt0091278,/home/gpuadmin/data/mv_trailer/tt0091278
435,tt0091288,/home/gpuadmin/data/mv_trailer/tt0091288
437,tt0091374,/home/gpuadmin/data/mv_trailer/tt0091374
438,tt0091396,/home/gpuadmin/data/mv_trailer/tt0091396
441,tt0091499,/home/gpuadmin/data/mv_trailer/tt0091499
442,tt0091538,/home/gpuadmin/data/mv_trailer/tt0091538
443,tt0091613,/home/gpuadmin/data/mv_trailer/tt0091613
445,tt0091653,/home/gpuadmin/data/mv_trailer/tt0091653
446,tt0091680,/home/gpuadmin/data/mv_trailer/tt0091680
447,tt0091738,/home/gpuadmin/data/mv_trailer/tt0091738
449,tt0091767,/home/gpuadmin/data/mv_trailer/tt0091767
450,tt0091777,/home/gpuadmin/data/mv_trailer/tt0091777
451,tt0091778,/home/gpuadmin/data/mv_trailer/tt0091778
452,tt0091790,/home/gpuadmin/data/mv_trailer/tt0091790
453,tt0091828,/home/gpuadmin/data/mv_trailer/tt0091828
454,tt0091829,/home/gpuadmin/data/mv_trailer/tt0091829
456,tt0091877,/home/gpuadmin/data/mv_trailer/tt0091877
457,tt0091954,/home/gpuadmin/data/mv_trailer/tt0091954
458,tt0091983,/home/gpuadmin/data/mv_trailer/tt0091983
459,tt0091991,/home/gpuadmin/data/mv_trailer/tt0091991
461,tt0092007,/home/gpuadmin/data/mv_trailer/tt0092007
464,tt0092494,/home/gpuadmin/data/mv_trailer/tt0092494
465,tt0092546,/home/gpuadmin/data/mv_trailer/tt0092546
467,tt0092585,/home/gpuadmin/data/mv_trailer/tt0092585
468,tt0092593,/home/gpuadmin/data/mv_trailer/tt0092593
469,tt0092608,/home/gpuadmin/data/mv_trailer/tt0092608
470,tt0092618,/home/gpuadmin/data/mv_trailer/tt0092618
473,tt0092699,/home/gpuadmin/data/mv_trailer/tt0092699
474,tt0092718,/home/gpuadmin/data/mv_trailer/tt0092718
475,tt0092796,/home/gpuadmin/data/mv_trailer/tt0092796
476,tt0092857,/home/gpuadmin/data/mv_trailer/tt0092857
477,tt0092890,/home/gpuadmin/data/mv_trailer/tt0092890
478,tt0092906,/home/gpuadmin/data/mv_trailer/tt0092906
479,tt0092965,/home/gpuadmin/data/mv_trailer/tt0092965
481,tt0093010,/home/gpuadmin/data/mv_trailer/tt0093010
482,tt0093011,/home/gpuadmin/data/mv_trailer/tt0093011
484,tt0093073,/home/gpuadmin/data/mv_trailer/tt0093073
485,tt0093105,/home/gpuadmin/data/mv_trailer/tt0093105
486,tt0093137,/home/gpuadmin/data/mv_trailer/tt0093137
487,tt0093148,/home/gpuadmin/data/mv_trailer/tt0093148
488,tt0093164,/home/gpuadmin/data/mv_trailer/tt0093164
489,tt0093171,/home/gpuadmin/data/mv_trailer/tt0093171
491,tt0093200,/home/gpuadmin/data/mv_trailer/tt0093200
492,tt0093220,/home/gpuadmin/data/mv_trailer/tt0093220
493,tt0093223,/home/gpuadmin/data/mv_trailer/tt0093223
494,tt0093260,/home/gpuadmin/data/mv_trailer/tt0093260
495,tt0093407,/home/gpuadmin/data/mv_trailer/tt0093407
497,tt0093476,/home/gpuadmin/data/mv_trailer/tt0093476
498,tt0093489,/home/gpuadmin/data/mv_trailer/tt0093489
499,tt0093507,/home/gpuadmin/data/mv_trailer/tt0093507
500,tt0093509,/home/gpuadmin/data/mv_trailer/tt0093509
501,tt0093565,/home/gpuadmin/data/mv_trailer/tt0093565
503,tt0093638,/home/gpuadmin/data/mv_trailer/tt0093638
505,tt0093692,/home/gpuadmin/data/mv_trailer/tt0093692
506,tt0093693,/home/gpuadmin/data/mv_trailer/tt0093693
507,tt0093748,/home/gpuadmin/data/mv_trailer/tt0093748
508,tt0093756,/home/gpuadmin/data/mv_trailer/tt0093756
510,tt0093818,/home/gpuadmin/data/mv_trailer/tt0093818
512,tt0093857,/home/gpuadmin/data/mv_trailer/tt0093857
514,tt0093886,/home/gpuadmin/data/mv_trailer/tt0093886
515,tt0093993,/home/gpuadmin/data/mv_trailer/tt0093993
516,tt0094006,/home/gpuadmin/data/mv_trailer/tt0094006
517,tt0094008,/home/gpuadmin/data/mv_trailer/tt0094008
519,tt0094027,/home/gpuadmin/data/mv_trailer/tt0094027
520,tt0094138,/home/gpuadmin/data/mv_trailer/tt0094138
521,tt0094142,/home/gpuadmin/data/mv_trailer/tt0094142
522,tt0094155,/home/gpuadmin/data/mv_trailer/tt0094155
523,tt0094291,/home/gpuadmin/data/mv_trailer/tt0094291
528,tt0094673,/home/gpuadmin/data/mv_trailer/tt0094673
529,tt0094737,/home/gpuadmin/data/mv_trailer/tt0094737
530,tt0094792,/home/gpuadmin/data/mv_trailer/tt0094792
531,tt0094799,/home/gpuadmin/data/mv_trailer/tt0094799
533,tt0094894,/home/gpuadmin/data/mv_trailer/tt0094894
534,tt0094898,/home/gpuadmin/data/mv_trailer/tt0094898
535,tt0094933,/home/gpuadmin/data/mv_trailer/tt0094933
536,tt0094947,/home/gpuadmin/data/mv_trailer/tt0094947
539,tt0095174,/home/gpuadmin/data/mv_trailer/tt0095174
541,tt0095271,/home/gpuadmin/data/mv_trailer/tt0095271
545,tt0095631,/home/gpuadmin/data/mv_trailer/tt0095631
546,tt0095647,/home/gpuadmin/data/mv_trailer/tt0095647
547,tt0095652,/home/gpuadmin/data/mv_trailer/tt0095652
548,tt0095655,/home/gpuadmin/data/mv_trailer/tt0095655
549,tt0095687,/home/gpuadmin/data/mv_trailer/tt0095687
550,tt0095863,/home/gpuadmin/data/mv_trailer/tt0095863
551,tt0095882,/home/gpuadmin/data/mv_trailer/tt0095882
553,tt0095925,/home/gpuadmin/data/mv_trailer/tt0095925
554,tt0095953,/home/gpuadmin/data/mv_trailer/tt0095953
555,tt0095956,/home/gpuadmin/data/mv_trailer/tt0095956
556,tt0095963,/home/gpuadmin/data/mv_trailer/tt0095963
557,tt0096061,/home/gpuadmin/data/mv_trailer/tt0096061
558,tt0096142,/home/gpuadmin/data/mv_trailer/tt0096142
559,tt0096244,/home/gpuadmin/data/mv_trailer/tt0096244
561,tt0096320,/home/gpuadmin/data/mv_trailer/tt0096320
562,tt0096378,/home/gpuadmin/data/mv_trailer/tt0096378
564,tt0096463,/home/gpuadmin/data/mv_trailer/tt0096463
565,tt0096486,/home/gpuadmin/data/mv_trailer/tt0096486
567,tt0096787,/home/gpuadmin/data/mv_trailer/tt0096787
568,tt0096866,/home/gpuadmin/data/mv_trailer/tt0096866
573,tt0096969,/home/gpuadmin/data/mv_trailer/tt0096969
574,tt0097044,/home/gpuadmin/data/mv_trailer/tt0097044
575,tt0097116,/home/gpuadmin/data/mv_trailer/tt0097116
577,tt0097138,/home/gpuadmin/data/mv_trailer/tt0097138
579,tt0097165,/home/gpuadmin/data/mv_trailer/tt0097165
580,tt0097216,/home/gpuadmin/data/mv_trailer/tt0097216
581,tt0097236,/home/gpuadmin/data/mv_trailer/tt0097236
582,tt0097239,/home/gpuadmin/data/mv_trailer/tt0097239
583,tt0097240,/home/gpuadmin/data/mv_trailer/tt0097240
584,tt0097351,/home/gpuadmin/data/mv_trailer/tt0097351
585,tt0097366,/home/gpuadmin/data/mv_trailer/tt0097366
588,tt0097438,/home/gpuadmin/data/mv_trailer/tt0097438
589,tt0097441,/home/gpuadmin/data/mv_trailer/tt0097441
590,tt0097481,/home/gpuadmin/data/mv_trailer/tt0097481
592,tt0097523,/home/gpuadmin/data/mv_trailer/tt0097523
593,tt0097550,/home/gpuadmin/data/mv_trailer/tt0097550
594,tt0097576,/home/gpuadmin/data/mv_trailer/tt0097576
595,tt0097626,/home/gpuadmin/data/mv_trailer/tt0097626
596,tt0097637,/home/gpuadmin/data/mv_trailer/tt0097637
597,tt0097714,/home/gpuadmin/data/mv_trailer/tt0097714
598,tt0097728,/home/gpuadmin/data/mv_trailer/tt0097728
599,tt0097731,/home/gpuadmin/data/mv_trailer/tt0097731
601,tt0097737,/home/gpuadmin/data/mv_trailer/tt0097737
603,tt0097815,/home/gpuadmin/data/mv_trailer/tt0097815
605,tt0097889,/home/gpuadmin/data/mv_trailer/tt0097889
607,tt0097967,/home/gpuadmin/data/mv_trailer/tt0097967
608,tt0098042,/home/gpuadmin/data/mv_trailer/tt0098042
609,tt0098067,/home/gpuadmin/data/mv_trailer/tt0098067
611,tt0098105,/home/gpuadmin/data/mv_trailer/tt0098105
613,tt0098258,/home/gpuadmin/data/mv_trailer/tt0098258
614,tt0098273,/home/gpuadmin/data/mv_trailer/tt0098273
615,tt0098309,/home/gpuadmin/data/mv_trailer/tt0098309
616,tt0098382,/home/gpuadmin/data/mv_trailer/tt0098382
617,tt0098384,/home/gpuadmin/data/mv_trailer/tt0098384
618,tt0098439,/home/gpuadmin/data/mv_trailer/tt0098439
619,tt0098536,/home/gpuadmin/data/mv_trailer/tt0098536
620,tt0098546,/home/gpuadmin/data/mv_trailer/tt0098546
621,tt0098554,/home/gpuadmin/data/mv_trailer/tt0098554
622,tt0098575,/home/gpuadmin/data/mv_trailer/tt0098575
623,tt0098625,/home/gpuadmin/data/mv_trailer/tt0098625
624,tt0098627,/home/gpuadmin/data/mv_trailer/tt0098627
625,tt0098635,/home/gpuadmin/data/mv_trailer/tt0098635
626,tt0098645,/home/gpuadmin/data/mv_trailer/tt0098645
627,tt0099005,/home/gpuadmin/data/mv_trailer/tt0099005
628,tt0099012,/home/gpuadmin/data/mv_trailer/tt0099012
629,tt0099052,/home/gpuadmin/data/mv_trailer/tt0099052
630,tt0099077,/home/gpuadmin/data/mv_trailer/tt0099077
632,tt0099141,/home/gpuadmin/data/mv_trailer/tt0099141
633,tt0099160,/home/gpuadmin/data/mv_trailer/tt0099160
635,tt0099253,/home/gpuadmin/data/mv_trailer/tt0099253
636,tt0099329,/home/gpuadmin/data/mv_trailer/tt0099329
641,tt0099512,/home/gpuadmin/data/mv_trailer/tt0099512
646,tt0099776,/home/gpuadmin/data/mv_trailer/tt0099776
647,tt0099785,/home/gpuadmin/data/mv_trailer/tt0099785
648,tt0099800,/home/gpuadmin/data/mv_trailer/tt0099800
651,tt0099878,/home/gpuadmin/data/mv_trailer/tt0099878
652,tt0099902,/home/gpuadmin/data/mv_trailer/tt0099902
655,tt0100050,/home/gpuadmin/data/mv_trailer/tt0100050
657,tt0100129,/home/gpuadmin/data/mv_trailer/tt0100129
658,tt0100133,/home/gpuadmin/data/mv_trailer/tt0100133
659,tt0100140,/home/gpuadmin/data/mv_trailer/tt0100140
660,tt0100143,/home/gpuadmin/data/mv_trailer/tt0100143
663,tt0100168,/home/gpuadmin/data/mv_trailer/tt0100168
664,tt0100201,/home/gpuadmin/data/mv_trailer/tt0100201
665,tt0100211,/home/gpuadmin/data/mv_trailer/tt0100211
666,tt0100258,/home/gpuadmin/data/mv_trailer/tt0100258
667,tt0100280,/home/gpuadmin/data/mv_trailer/tt0100280
668,tt0100318,/home/gpuadmin/data/mv_trailer/tt0100318
670,tt0100436,/home/gpuadmin/data/mv_trailer/tt0100436
671,tt0100475,/home/gpuadmin/data/mv_trailer/tt0100475
673,tt0100507,/home/gpuadmin/data/mv_trailer/tt0100507
674,tt0100680,/home/gpuadmin/data/mv_trailer/tt0100680
675,tt0100813,/home/gpuadmin/data/mv_trailer/tt0100813
676,tt0101393,/home/gpuadmin/data/mv_trailer/tt0101393
678,tt0101452,/home/gpuadmin/data/mv_trailer/tt0101452
680,tt0101635,/home/gpuadmin/data/mv_trailer/tt0101635
683,tt0101745,/home/gpuadmin/data/mv_trailer/tt0101745
684,tt0101757,/home/gpuadmin/data/mv_trailer/tt0101757
685,tt0101775,/home/gpuadmin/data/mv_trailer/tt0101775
686,tt0101898,/home/gpuadmin/data/mv_trailer/tt0101898
688,tt0102005,/home/gpuadmin/data/mv_trailer/tt0102005
691,tt0102059,/home/gpuadmin/data/mv_trailer/tt0102059
692,tt0102103,/home/gpuadmin/data/mv_trailer/tt0102103
693,tt0102138,/home/gpuadmin/data/mv_trailer/tt0102138
694,tt0102175,/home/gpuadmin/data/mv_trailer/tt0102175
695,tt0102202,/home/gpuadmin/data/mv_trailer/tt0102202
696,tt0102316,/home/gpuadmin/data/mv_trailer/tt0102316
697,tt0102469,/home/gpuadmin/data/mv_trailer/tt0102469
698,tt0102492,/home/gpuadmin/data/mv_trailer/tt0102492
700,tt0102536,/home/gpuadmin/data/mv_trailer/tt0102536
701,tt0102558,/home/gpuadmin/data/mv_trailer/tt0102558
703,tt0102598,/home/gpuadmin/data/mv_trailer/tt0102598
704,tt0102685,/home/gpuadmin/data/mv_trailer/tt0102685
705,tt0102728,/home/gpuadmin/data/mv_trailer/tt0102728
706,tt0102744,/home/gpuadmin/data/mv_trailer/tt0102744
707,tt0102782,/home/gpuadmin/data/mv_trailer/tt0102782
709,tt0102802,/home/gpuadmin/data/mv_trailer/tt0102802
710,tt0102945,/home/gpuadmin/data/mv_trailer/tt0102945
711,tt0102951,/home/gpuadmin/data/mv_trailer/tt0102951
712,tt0102975,/home/gpuadmin/data/mv_trailer/tt0102975
713,tt0103003,/home/gpuadmin/data/mv_trailer/tt0103003
714,tt0103060,/home/gpuadmin/data/mv_trailer/tt0103060
717,tt0103112,/home/gpuadmin/data/mv_trailer/tt0103112
718,tt0103241,/home/gpuadmin/data/mv_trailer/tt0103241
719,tt0103594,/home/gpuadmin/data/mv_trailer/tt0103594
720,tt0103596,/home/gpuadmin/data/mv_trailer/tt0103596
721,tt0103639,/home/gpuadmin/data/mv_trailer/tt0103639
723,tt0103671,/home/gpuadmin/data/mv_trailer/tt0103671
726,tt0103786,/home/gpuadmin/data/mv_trailer/tt0103786
727,tt0103843,/home/gpuadmin/data/mv_trailer/tt0103843
728,tt0103850,/home/gpuadmin/data/mv_trailer/tt0103850
730,tt0103893,/home/gpuadmin/data/mv_trailer/tt0103893
731,tt0103924,/home/gpuadmin/data/mv_trailer/tt0103924
732,tt0103939,/home/gpuadmin/data/mv_trailer/tt0103939
733,tt0103956,/home/gpuadmin/data/mv_trailer/tt0103956
734,tt0104009,/home/gpuadmin/data/mv_trailer/tt0104009
736,tt0104231,/home/gpuadmin/data/mv_trailer/tt0104231
737,tt0104265,/home/gpuadmin/data/mv_trailer/tt0104265
738,tt0104346,/home/gpuadmin/data/mv_trailer/tt0104346
739,tt0104348,/home/gpuadmin/data/mv_trailer/tt0104348
740,tt0104409,/home/gpuadmin/data/mv_trailer/tt0104409
741,tt0104427,/home/gpuadmin/data/mv_trailer/tt0104427
743,tt0104438,/home/gpuadmin/data/mv_trailer/tt0104438
744,tt0104454,/home/gpuadmin/data/mv_trailer/tt0104454
745,tt0104466,/home/gpuadmin/data/mv_trailer/tt0104466
746,tt0104507,/home/gpuadmin/data/mv_trailer/tt0104507
747,tt0104550,/home/gpuadmin/data/mv_trailer/tt0104550
749,tt0104647,/home/gpuadmin/data/mv_trailer/tt0104647
750,tt0104695,/home/gpuadmin/data/mv_trailer/tt0104695
752,tt0104740,/home/gpuadmin/data/mv_trailer/tt0104740
753,tt0104756,/home/gpuadmin/data/mv_trailer/tt0104756
756,tt0104850,/home/gpuadmin/data/mv_trailer/tt0104850
757,tt0104897,/home/gpuadmin/data/mv_trailer/tt0104897
758,tt0104952,/home/gpuadmin/data/mv_trailer/tt0104952
759,tt0104990,/home/gpuadmin/data/mv_trailer/tt0104990
760,tt0105046,/home/gpuadmin/data/mv_trailer/tt0105046
763,tt0105130,/home/gpuadmin/data/mv_trailer/tt0105130
764,tt0105156,/home/gpuadmin/data/mv_trailer/tt0105156
765,tt0105211,/home/gpuadmin/data/mv_trailer/tt0105211
767,tt0105226,/home/gpuadmin/data/mv_trailer/tt0105226
769,tt0105323,/home/gpuadmin/data/mv_trailer/tt0105323
770,tt0105391,/home/gpuadmin/data/mv_trailer/tt0105391
771,tt0105402,/home/gpuadmin/data/mv_trailer/tt0105402
772,tt0105414,/home/gpuadmin/data/mv_trailer/tt0105414
773,tt0105428,/home/gpuadmin/data/mv_trailer/tt0105428
775,tt0105488,/home/gpuadmin/data/mv_trailer/tt0105488
776,tt0105629,/home/gpuadmin/data/mv_trailer/tt0105629
780,tt0105699,/home/gpuadmin/data/mv_trailer/tt0105699
781,tt0105793,/home/gpuadmin/data/mv_trailer/tt0105793
782,tt0105812,/home/gpuadmin/data/mv_trailer/tt0105812
785,tt0106266,/home/gpuadmin/data/mv_trailer/tt0106266
786,tt0106273,/home/gpuadmin/data/mv_trailer/tt0106273
789,tt0106375,/home/gpuadmin/data/mv_trailer/tt0106375
791,tt0106521,/home/gpuadmin/data/mv_trailer/tt0106521
793,tt0106598,/home/gpuadmin/data/mv_trailer/tt0106598
794,tt0106611,/home/gpuadmin/data/mv_trailer/tt0106611
795,tt0106673,/home/gpuadmin/data/mv_trailer/tt0106673
796,tt0106677,/home/gpuadmin/data/mv_trailer/tt0106677
798,tt0106701,/home/gpuadmin/data/mv_trailer/tt0106701
799,tt0106770,/home/gpuadmin/data/mv_trailer/tt0106770
800,tt0106873,/home/gpuadmin/data/mv_trailer/tt0106873
801,tt0106881,/home/gpuadmin/data/mv_trailer/tt0106881
802,tt0106926,/home/gpuadmin/data/mv_trailer/tt0106926
803,tt0106950,/home/gpuadmin/data/mv_trailer/tt0106950
804,tt0107004,/home/gpuadmin/data/mv_trailer/tt0107004
806,tt0107050,/home/gpuadmin/data/mv_trailer/tt0107050
809,tt0107131,/home/gpuadmin/data/mv_trailer/tt0107131
811,tt0107148,/home/gpuadmin/data/mv_trailer/tt0107148
813,tt0107207,/home/gpuadmin/data/mv_trailer/tt0107207
814,tt0107247,/home/gpuadmin/data/mv_trailer/tt0107247
815,tt0107286,/home/gpuadmin/data/mv_trailer/tt0107286
817,tt0107315,/home/gpuadmin/data/mv_trailer/tt0107315
818,tt0107387,/home/gpuadmin/data/mv_trailer/tt0107387
819,tt0107473,/home/gpuadmin/data/mv_trailer/tt0107473
820,tt0107497,/home/gpuadmin/data/mv_trailer/tt0107497
821,tt0107507,/home/gpuadmin/data/mv_trailer/tt0107507
825,tt0107750,/home/gpuadmin/data/mv_trailer/tt0107750
826,tt0107756,/home/gpuadmin/data/mv_trailer/tt0107756
827,tt0107818,/home/gpuadmin/data/mv_trailer/tt0107818
828,tt0107843,/home/gpuadmin/data/mv_trailer/tt0107843
831,tt0108002,/home/gpuadmin/data/mv_trailer/tt0108002
832,tt0108122,/home/gpuadmin/data/mv_trailer/tt0108122
833,tt0108149,/home/gpuadmin/data/mv_trailer/tt0108149
834,tt0108160,/home/gpuadmin/data/mv_trailer/tt0108160
835,tt0108162,/home/gpuadmin/data/mv_trailer/tt0108162
836,tt0108171,/home/gpuadmin/data/mv_trailer/tt0108171
838,tt0108238,/home/gpuadmin/data/mv_trailer/tt0108238
839,tt0108308,/home/gpuadmin/data/mv_trailer/tt0108308
840,tt0108330,/home/gpuadmin/data/mv_trailer/tt0108330
841,tt0108358,/home/gpuadmin/data/mv_trailer/tt0108358
843,tt0108526,/home/gpuadmin/data/mv_trailer/tt0108526
844,tt0108550,/home/gpuadmin/data/mv_trailer/tt0108550
845,tt0109021,/home/gpuadmin/data/mv_trailer/tt0109021
846,tt0109035,/home/gpuadmin/data/mv_trailer/tt0109035
848,tt0109068,/home/gpuadmin/data/mv_trailer/tt0109068
849,tt0109190,/home/gpuadmin/data/mv_trailer/tt0109190
851,tt0109297,/home/gpuadmin/data/mv_trailer/tt0109297
853,tt0109370,/home/gpuadmin/data/mv_trailer/tt0109370
854,tt0109439,/home/gpuadmin/data/mv_trailer/tt0109439
855,tt0109456,/home/gpuadmin/data/mv_trailer/tt0109456
856,tt0109484,/home/gpuadmin/data/mv_trailer/tt0109484
857,tt0109579,/home/gpuadmin/data/mv_trailer/tt0109579
858,tt0109758,/home/gpuadmin/data/mv_trailer/tt0109758
859,tt0109781,/home/gpuadmin/data/mv_trailer/tt0109781
861,tt0109831,/home/gpuadmin/data/mv_trailer/tt0109831
862,tt0109836,/home/gpuadmin/data/mv_trailer/tt0109836
863,tt0109842,/home/gpuadmin/data/mv_trailer/tt0109842
865,tt0110027,/home/gpuadmin/data/mv_trailer/tt0110027
866,tt0110097,/home/gpuadmin/data/mv_trailer/tt0110097
868,tt0110167,/home/gpuadmin/data/mv_trailer/tt0110167
869,tt0110186,/home/gpuadmin/data/mv_trailer/tt0110186
870,tt0110216,/home/gpuadmin/data/mv_trailer/tt0110216
871,tt0110265,/home/gpuadmin/data/mv_trailer/tt0110265
873,tt0110329,/home/gpuadmin/data/mv_trailer/tt0110329
874,tt0110367,/home/gpuadmin/data/mv_trailer/tt0110367
875,tt0110395,/home/gpuadmin/data/mv_trailer/tt0110395
876,tt0110443,/home/gpuadmin/data/mv_trailer/tt0110443
877,tt0110478,/home/gpuadmin/data/mv_trailer/tt0110478
878,tt0110598,/home/gpuadmin/data/mv_trailer/tt0110598
879,tt0110604,/home/gpuadmin/data/mv_trailer/tt0110604
880,tt0110613,/home/gpuadmin/data/mv_trailer/tt0110613
883,tt0110638,/home/gpuadmin/data/mv_trailer/tt0110638
884,tt0110706,/home/gpuadmin/data/mv_trailer/tt0110706
885,tt0110759,/home/gpuadmin/data/mv_trailer/tt0110759
886,tt0110882,/home/gpuadmin/data/mv_trailer/tt0110882
888,tt0110939,/home/gpuadmin/data/mv_trailer/tt0110939
889,tt0110950,/home/gpuadmin/data/mv_trailer/tt0110950
893,tt0111280,/home/gpuadmin/data/mv_trailer/tt0111280
894,tt0111282,/home/gpuadmin/data/mv_trailer/tt0111282
896,tt0111419,/home/gpuadmin/data/mv_trailer/tt0111419
897,tt0111438,/home/gpuadmin/data/mv_trailer/tt0111438
898,tt0111477,/home/gpuadmin/data/mv_trailer/tt0111477
900,tt0111732,/home/gpuadmin/data/mv_trailer/tt0111732
902,tt0111756,/home/gpuadmin/data/mv_trailer/tt0111756
903,tt0112281,/home/gpuadmin/data/mv_trailer/tt0112281
904,tt0112302,/home/gpuadmin/data/mv_trailer/tt0112302
905,tt0112362,/home/gpuadmin/data/mv_trailer/tt0112362
906,tt0112365,/home/gpuadmin/data/mv_trailer/tt0112365
909,tt0112431,/home/gpuadmin/data/mv_trailer/tt0112431
910,tt0112443,/home/gpuadmin/data/mv_trailer/tt0112443
912,tt0112471,/home/gpuadmin/data/mv_trailer/tt0112471
913,tt0112508,/home/gpuadmin/data/mv_trailer/tt0112508
914,tt0112536,/home/gpuadmin/data/mv_trailer/tt0112536
915,tt0112537,/home/gpuadmin/data/mv_trailer/tt0112537
919,tt0112681,/home/gpuadmin/data/mv_trailer/tt0112681
920,tt0112688,/home/gpuadmin/data/mv_trailer/tt0112688
921,tt0112697,/home/gpuadmin/data/mv_trailer/tt0112697
923,tt0112740,/home/gpuadmin/data/mv_trailer/tt0112740
924,tt0112792,/home/gpuadmin/data/mv_trailer/tt0112792
927,tt0112896,/home/gpuadmin/data/mv_trailer/tt0112896
928,tt0112950,/home/gpuadmin/data/mv_trailer/tt0112950
929,tt0113071,/home/gpuadmin/data/mv_trailer/tt0113071
930,tt0113089,/home/gpuadmin/data/mv_trailer/tt0113089
931,tt0113097,/home/gpuadmin/data/mv_trailer/tt0113097
932,tt0113114,/home/gpuadmin/data/mv_trailer/tt0113114
935,tt0113228,/home/gpuadmin/data/mv_trailer/tt0113228
937,tt0113253,/home/gpuadmin/data/mv_trailer/tt0113253
940,tt0113305,/home/gpuadmin/data/mv_trailer/tt0113305
941,tt0113321,/home/gpuadmin/data/mv_trailer/tt0113321
942,tt0113347,/home/gpuadmin/data/mv_trailer/tt0113347
944,tt0113443,/home/gpuadmin/data/mv_trailer/tt0113443
945,tt0113481,/home/gpuadmin/data/mv_trailer/tt0113481
947,tt0113501,/home/gpuadmin/data/mv_trailer/tt0113501
948,tt0113540,/home/gpuadmin/data/mv_trailer/tt0113540
949,tt0113552,/home/gpuadmin/data/mv_trailer/tt0113552
950,tt0113617,/home/gpuadmin/data/mv_trailer/tt0113617
952,tt0113636,/home/gpuadmin/data/mv_trailer/tt0113636
953,tt0113690,/home/gpuadmin/data/mv_trailer/tt0113690
954,tt0113729,/home/gpuadmin/data/mv_trailer/tt0113729
956,tt0113820,/home/gpuadmin/data/mv_trailer/tt0113820
957,tt0113862,/home/gpuadmin/data/mv_trailer/tt0113862
958,tt0113870,/home/gpuadmin/data/mv_trailer/tt0113870
959,tt0113896,/home/gpuadmin/data/mv_trailer/tt0113896
960,tt0113967,/home/gpuadmin/data/mv_trailer/tt0113967
961,tt0113986,/home/gpuadmin/data/mv_trailer/tt0113986
962,tt0113987,/home/gpuadmin/data/mv_trailer/tt0113987
963,tt0114011,/home/gpuadmin/data/mv_trailer/tt0114011
964,tt0114069,/home/gpuadmin/data/mv_trailer/tt0114069
965,tt0114148,/home/gpuadmin/data/mv_trailer/tt0114148
966,tt0114168,/home/gpuadmin/data/mv_trailer/tt0114168
967,tt0114272,/home/gpuadmin/data/mv_trailer/tt0114272
968,tt0114279,/home/gpuadmin/data/mv_trailer/tt0114279
970,tt0114319,/home/gpuadmin/data/mv_trailer/tt0114319
971,tt0114323,/home/gpuadmin/data/mv_trailer/tt0114323
972,tt0114367,/home/gpuadmin/data/mv_trailer/tt0114367
973,tt0114436,/home/gpuadmin/data/mv_trailer/tt0114436
974,tt0114550,/home/gpuadmin/data/mv_trailer/tt0114550
976,tt0114576,/home/gpuadmin/data/mv_trailer/tt0114576
978,tt0114609,/home/gpuadmin/data/mv_trailer/tt0114609
979,tt0114614,/home/gpuadmin/data/mv_trailer/tt0114614
980,tt0114660,/home/gpuadmin/data/mv_trailer/tt0114660
981,tt0114671,/home/gpuadmin/data/mv_trailer/tt0114671
982,tt0114694,/home/gpuadmin/data/mv_trailer/tt0114694
983,tt0114702,/home/gpuadmin/data/mv_trailer/tt0114702
985,tt0114720,/home/gpuadmin/data/mv_trailer/tt0114720
987,tt0114781,/home/gpuadmin/data/mv_trailer/tt0114781
989,tt0114852,/home/gpuadmin/data/mv_trailer/tt0114852
991,tt0114885,/home/gpuadmin/data/mv_trailer/tt0114885
992,tt0114898,/home/gpuadmin/data/mv_trailer/tt0114898
994,tt0114924,/home/gpuadmin/data/mv_trailer/tt0114924
995,tt0114938,/home/gpuadmin/data/mv_trailer/tt0114938
998,tt0115639,/home/gpuadmin/data/mv_trailer/tt0115639
999,tt0115640,/home/gpuadmin/data/mv_trailer/tt0115640
1000,tt0115641,/home/gpuadmin/data/mv_trailer/tt0115641
1001,tt0115644,/home/gpuadmin/data/mv_trailer/tt0115644
1002,tt0115710,/home/gpuadmin/data/mv_trailer/tt0115710
1003,tt0115714,/home/gpuadmin/data/mv_trailer/tt0115714
1004,tt0115734,/home/gpuadmin/data/mv_trailer/tt0115734
1005,tt0115744,/home/gpuadmin/data/mv_trailer/tt0115744
1007,tt0115783,/home/gpuadmin/data/mv_trailer/tt0115783
1009,tt0115906,/home/gpuadmin/data/mv_trailer/tt0115906
1010,tt0115907,/home/gpuadmin/data/mv_trailer/tt0115907
1011,tt0115956,/home/gpuadmin/data/mv_trailer/tt0115956
1014,tt0116130,/home/gpuadmin/data/mv_trailer/tt0116130
1015,tt0116147,/home/gpuadmin/data/mv_trailer/tt0116147
1016,tt0116213,/home/gpuadmin/data/mv_trailer/tt0116213
1019,tt0116259,/home/gpuadmin/data/mv_trailer/tt0116259
1020,tt0116260,/home/gpuadmin/data/mv_trailer/tt0116260
1022,tt0116287,/home/gpuadmin/data/mv_trailer/tt0116287
1023,tt0116289,/home/gpuadmin/data/mv_trailer/tt0116289
1024,tt0116311,/home/gpuadmin/data/mv_trailer/tt0116311
1025,tt0116329,/home/gpuadmin/data/mv_trailer/tt0116329
1028,tt0116483,/home/gpuadmin/data/mv_trailer/tt0116483
1030,tt0116493,/home/gpuadmin/data/mv_trailer/tt0116493
1031,tt0116508,/home/gpuadmin/data/mv_trailer/tt0116508
1033,tt0116531,/home/gpuadmin/data/mv_trailer/tt0116531
1034,tt0116571,/home/gpuadmin/data/mv_trailer/tt0116571
1035,tt0116594,/home/gpuadmin/data/mv_trailer/tt0116594
1036,tt0116607,/home/gpuadmin/data/mv_trailer/tt0116607
1038,tt0116683,/home/gpuadmin/data/mv_trailer/tt0116683
1039,tt0116695,/home/gpuadmin/data/mv_trailer/tt0116695
1040,tt0116705,/home/gpuadmin/data/mv_trailer/tt0116705
1041,tt0116722,/home/gpuadmin/data/mv_trailer/tt0116722
