tt0023427,/home/gpuadmin/data/mv_trailer/tt0023427
tt0029583,/home/gpuadmin/data/mv_trailer/tt0029583
tt0031381,/home/gpuadmin/data/mv_trailer/tt0031381
tt0032910,/home/gpuadmin/data/mv_trailer/tt0032910
tt0034492,/home/gpuadmin/data/mv_trailer/tt0034492
tt0035896,/home/gpuadmin/data/mv_trailer/tt0035896
tt0038499,/home/gpuadmin/data/mv_trailer/tt0038499
tt0040746,/home/gpuadmin/data/mv_trailer/tt0040746
tt0041716,/home/gpuadmin/data/mv_trailer/tt0041716
tt0043274,/home/gpuadmin/data/mv_trailer/tt0043274
tt0043379,/home/gpuadmin/data/mv_trailer/tt0043379
tt0044926,/home/gpuadmin/data/mv_trailer/tt0044926
tt0045125,/home/gpuadmin/data/mv_trailer/tt0045125
tt0045152,/home/gpuadmin/data/mv_trailer/tt0045152
tt0045810,/home/gpuadmin/data/mv_trailer/tt0045810
tt0045888,/home/gpuadmin/data/mv_trailer/tt0045888
tt0045963,/home/gpuadmin/data/mv_trailer/tt0045963
tt0046183,/home/gpuadmin/data/mv_trailer/tt0046183
tt0046303,/home/gpuadmin/data/mv_trailer/tt0046303
tt0046672,/home/gpuadmin/data/mv_trailer/tt0046672
tt0046912,/home/gpuadmin/data/mv_trailer/tt0046912
tt0047396,/home/gpuadmin/data/mv_trailer/tt0047396
tt0047472,/home/gpuadmin/data/mv_trailer/tt0047472
tt0047673,/home/gpuadmin/data/mv_trailer/tt0047673
tt0047834,/home/gpuadmin/data/mv_trailer/tt0047834
tt0047849,/home/gpuadmin/data/mv_trailer/tt0047849
tt0048545,/home/gpuadmin/data/mv_trailer/tt0048545
tt0048728,/home/gpuadmin/data/mv_trailer/tt0048728
tt0049223,/home/gpuadmin/data/mv_trailer/tt0049223
tt0049261,/home/gpuadmin/data/mv_trailer/tt0049261
tt0049966,/home/gpuadmin/data/mv_trailer/tt0049966
tt0050419,/home/gpuadmin/data/mv_trailer/tt0050419
tt0051459,/home/gpuadmin/data/mv_trailer/tt0051459
tt0051554,/home/gpuadmin/data/mv_trailer/tt0051554
tt0051658,/home/gpuadmin/data/mv_trailer/tt0051658
tt0052357,/home/gpuadmin/data/mv_trailer/tt0052357
tt0052905,/home/gpuadmin/data/mv_trailer/tt0052905
tt0052918,/home/gpuadmin/data/mv_trailer/tt0052918
tt0052948,/home/gpuadmin/data/mv_trailer/tt0052948
tt0053172,/home/gpuadmin/data/mv_trailer/tt0053172
tt0053221,/home/gpuadmin/data/mv_trailer/tt0053221
tt0054047,/home/gpuadmin/data/mv_trailer/tt0054047
tt0054195,/home/gpuadmin/data/mv_trailer/tt0054195
tt0054331,/home/gpuadmin/data/mv_trailer/tt0054331
tt0054494,/home/gpuadmin/data/mv_trailer/tt0054494
tt0054698,/home/gpuadmin/data/mv_trailer/tt0054698
tt0054847,/home/gpuadmin/data/mv_trailer/tt0054847
tt0055257,/home/gpuadmin/data/mv_trailer/tt0055257
tt0055304,/home/gpuadmin/data/mv_trailer/tt0055304
tt0055471,/home/gpuadmin/data/mv_trailer/tt0055471
tt0055614,/home/gpuadmin/data/mv_trailer/tt0055614
tt0055928,/home/gpuadmin/data/mv_trailer/tt0055928
tt0056172,/home/gpuadmin/data/mv_trailer/tt0056172
tt0056923,/home/gpuadmin/data/mv_trailer/tt0056923
tt0057076,/home/gpuadmin/data/mv_trailer/tt0057076
tt0057197,/home/gpuadmin/data/mv_trailer/tt0057197
tt0058150,/home/gpuadmin/data/mv_trailer/tt0058150
tt0058329,/home/gpuadmin/data/mv_trailer/tt0058329
tt0058385,/home/gpuadmin/data/mv_trailer/tt0058385
tt0058571,/home/gpuadmin/data/mv_trailer/tt0058571
tt0058672,/home/gpuadmin/data/mv_trailer/tt0058672
tt0058777,/home/gpuadmin/data/mv_trailer/tt0058777
tt0059017,/home/gpuadmin/data/mv_trailer/tt0059017
tt0059113,/home/gpuadmin/data/mv_trailer/tt0059113
tt0059125,/home/gpuadmin/data/mv_trailer/tt0059125
tt0059800,/home/gpuadmin/data/mv_trailer/tt0059800
tt0060345,/home/gpuadmin/data/mv_trailer/tt0060345
tt0060390,/home/gpuadmin/data/mv_trailer/tt0060390
tt0060397,/home/gpuadmin/data/mv_trailer/tt0060397
tt0060522,/home/gpuadmin/data/mv_trailer/tt0060522
tt0061418,/home/gpuadmin/data/mv_trailer/tt0061418
tt0061452,/home/gpuadmin/data/mv_trailer/tt0061452
tt0061512,/home/gpuadmin/data/mv_trailer/tt0061512
tt0061584,/home/gpuadmin/data/mv_trailer/tt0061584
tt0061791,/home/gpuadmin/data/mv_trailer/tt0061791
tt0061810,/home/gpuadmin/data/mv_trailer/tt0061810
tt0061811,/home/gpuadmin/data/mv_trailer/tt0061811
tt0061852,/home/gpuadmin/data/mv_trailer/tt0061852
tt0062138,/home/gpuadmin/data/mv_trailer/tt0062138
tt0062168,/home/gpuadmin/data/mv_trailer/tt0062168
tt0062512,/home/gpuadmin/data/mv_trailer/tt0062512
tt0062622,/home/gpuadmin/data/mv_trailer/tt0062622
tt0062711,/home/gpuadmin/data/mv_trailer/tt0062711
tt0062737,/home/gpuadmin/data/mv_trailer/tt0062737
tt0062765,/home/gpuadmin/data/mv_trailer/tt0062765
tt0062803,/home/gpuadmin/data/mv_trailer/tt0062803
tt0063285,/home/gpuadmin/data/mv_trailer/tt0063285
tt0063385,/home/gpuadmin/data/mv_trailer/tt0063385
tt0063442,/home/gpuadmin/data/mv_trailer/tt0063442
tt0063518,/home/gpuadmin/data/mv_trailer/tt0063518
tt0063522,/home/gpuadmin/data/mv_trailer/tt0063522
tt0064276,/home/gpuadmin/data/mv_trailer/tt0064276
tt0064603,/home/gpuadmin/data/mv_trailer/tt0064603
tt0064665,/home/gpuadmin/data/mv_trailer/tt0064665
tt0064757,/home/gpuadmin/data/mv_trailer/tt0064757
tt0064782,/home/gpuadmin/data/mv_trailer/tt0064782
tt0065054,/home/gpuadmin/data/mv_trailer/tt0065054
tt0065063,/home/gpuadmin/data/mv_trailer/tt0065063
tt0065088,/home/gpuadmin/data/mv_trailer/tt0065088
tt0065112,/home/gpuadmin/data/mv_trailer/tt0065112
tt0065134,/home/gpuadmin/data/mv_trailer/tt0065134
tt0065207,/home/gpuadmin/data/mv_trailer/tt0065207
tt0065377,/home/gpuadmin/data/mv_trailer/tt0065377
tt0065462,/home/gpuadmin/data/mv_trailer/tt0065462
tt0065724,/home/gpuadmin/data/mv_trailer/tt0065724
tt0065738,/home/gpuadmin/data/mv_trailer/tt0065738
tt0066206,/home/gpuadmin/data/mv_trailer/tt0066206
tt0066214,/home/gpuadmin/data/mv_trailer/tt0066214
tt0066434,/home/gpuadmin/data/mv_trailer/tt0066434
tt0066808,/home/gpuadmin/data/mv_trailer/tt0066808
tt0066995,/home/gpuadmin/data/mv_trailer/tt0066995
tt0066999,/home/gpuadmin/data/mv_trailer/tt0066999
tt0067023,/home/gpuadmin/data/mv_trailer/tt0067023
tt0067065,/home/gpuadmin/data/mv_trailer/tt0067065
tt0067093,/home/gpuadmin/data/mv_trailer/tt0067093
tt0067185,/home/gpuadmin/data/mv_trailer/tt0067185
tt0067309,/home/gpuadmin/data/mv_trailer/tt0067309
tt0067741,/home/gpuadmin/data/mv_trailer/tt0067741
tt0067756,/home/gpuadmin/data/mv_trailer/tt0067756
tt0067800,/home/gpuadmin/data/mv_trailer/tt0067800
tt0067959,/home/gpuadmin/data/mv_trailer/tt0067959
tt0067992,/home/gpuadmin/data/mv_trailer/tt0067992
tt0068240,/home/gpuadmin/data/mv_trailer/tt0068240
tt0068327,/home/gpuadmin/data/mv_trailer/tt0068327
tt0068473,/home/gpuadmin/data/mv_trailer/tt0068473
tt0068555,/home/gpuadmin/data/mv_trailer/tt0068555
tt0068611,/home/gpuadmin/data/mv_trailer/tt0068611
tt0068699,/home/gpuadmin/data/mv_trailer/tt0068699
tt0068762,/home/gpuadmin/data/mv_trailer/tt0068762
tt0069097,/home/gpuadmin/data/mv_trailer/tt0069097
tt0069280,/home/gpuadmin/data/mv_trailer/tt0069280
tt0069281,/home/gpuadmin/data/mv_trailer/tt0069281
tt0069704,/home/gpuadmin/data/mv_trailer/tt0069704
tt0069762,/home/gpuadmin/data/mv_trailer/tt0069762
tt0069865,/home/gpuadmin/data/mv_trailer/tt0069865
tt0069995,/home/gpuadmin/data/mv_trailer/tt0069995
tt0070016,/home/gpuadmin/data/mv_trailer/tt0070016
tt0070034,/home/gpuadmin/data/mv_trailer/tt0070034
tt0070239,/home/gpuadmin/data/mv_trailer/tt0070239
tt0070328,/home/gpuadmin/data/mv_trailer/tt0070328
tt0070355,/home/gpuadmin/data/mv_trailer/tt0070355
tt0070379,/home/gpuadmin/data/mv_trailer/tt0070379
tt0070511,/home/gpuadmin/data/mv_trailer/tt0070511
tt0070608,/home/gpuadmin/data/mv_trailer/tt0070608
tt0070666,/home/gpuadmin/data/mv_trailer/tt0070666
tt0070698,/home/gpuadmin/data/mv_trailer/tt0070698
tt0071110,/home/gpuadmin/data/mv_trailer/tt0071110
tt0071129,/home/gpuadmin/data/mv_trailer/tt0071129
tt0071230,/home/gpuadmin/data/mv_trailer/tt0071230
tt0071315,/home/gpuadmin/data/mv_trailer/tt0071315
tt0071402,/home/gpuadmin/data/mv_trailer/tt0071402
tt0071455,/home/gpuadmin/data/mv_trailer/tt0071455
tt0071569,/home/gpuadmin/data/mv_trailer/tt0071569
tt0071853,/home/gpuadmin/data/mv_trailer/tt0071853
tt0071994,/home/gpuadmin/data/mv_trailer/tt0071994
tt0072288,/home/gpuadmin/data/mv_trailer/tt0072288
tt0072684,/home/gpuadmin/data/mv_trailer/tt0072684
tt0072890,/home/gpuadmin/data/mv_trailer/tt0072890
tt0073018,/home/gpuadmin/data/mv_trailer/tt0073018
tt0073195,/home/gpuadmin/data/mv_trailer/tt0073195
tt0073440,/home/gpuadmin/data/mv_trailer/tt0073440
tt0073486,/home/gpuadmin/data/mv_trailer/tt0073486
tt0073540,/home/gpuadmin/data/mv_trailer/tt0073540
tt0073812,/home/gpuadmin/data/mv_trailer/tt0073812
tt0074119,/home/gpuadmin/data/mv_trailer/tt0074119
tt0074256,/home/gpuadmin/data/mv_trailer/tt0074256
tt0074285,/home/gpuadmin/data/mv_trailer/tt0074285
tt0074455,/home/gpuadmin/data/mv_trailer/tt0074455
tt0074512,/home/gpuadmin/data/mv_trailer/tt0074512
tt0074559,/home/gpuadmin/data/mv_trailer/tt0074559
tt0074860,/home/gpuadmin/data/mv_trailer/tt0074860
tt0074937,/home/gpuadmin/data/mv_trailer/tt0074937
tt0074958,/home/gpuadmin/data/mv_trailer/tt0074958
tt0074991,/home/gpuadmin/data/mv_trailer/tt0074991
tt0075148,/home/gpuadmin/data/mv_trailer/tt0075148
tt0075222,/home/gpuadmin/data/mv_trailer/tt0075222
tt0075223,/home/gpuadmin/data/mv_trailer/tt0075223
tt0075261,/home/gpuadmin/data/mv_trailer/tt0075261
tt0075314,/home/gpuadmin/data/mv_trailer/tt0075314
tt0075648,/home/gpuadmin/data/mv_trailer/tt0075648
tt0075860,/home/gpuadmin/data/mv_trailer/tt0075860
tt0076009,/home/gpuadmin/data/mv_trailer/tt0076009
tt0076141,/home/gpuadmin/data/mv_trailer/tt0076141
tt0076451,/home/gpuadmin/data/mv_trailer/tt0076451
tt0076538,/home/gpuadmin/data/mv_trailer/tt0076538
tt0076578,/home/gpuadmin/data/mv_trailer/tt0076578
tt0076636,/home/gpuadmin/data/mv_trailer/tt0076636
tt0076716,/home/gpuadmin/data/mv_trailer/tt0076716
tt0076929,/home/gpuadmin/data/mv_trailer/tt0076929
tt0077235,/home/gpuadmin/data/mv_trailer/tt0077235
tt0077394,/home/gpuadmin/data/mv_trailer/tt0077394
tt0077402,/home/gpuadmin/data/mv_trailer/tt0077402
tt0077405,/home/gpuadmin/data/mv_trailer/tt0077405
tt0077413,/home/gpuadmin/data/mv_trailer/tt0077413
tt0077523,/home/gpuadmin/data/mv_trailer/tt0077523
tt0077572,/home/gpuadmin/data/mv_trailer/tt0077572
tt0077578,/home/gpuadmin/data/mv_trailer/tt0077578
tt0077651,/home/gpuadmin/data/mv_trailer/tt0077651
tt0077663,/home/gpuadmin/data/mv_trailer/tt0077663
tt0077742,/home/gpuadmin/data/mv_trailer/tt0077742
tt0077745,/home/gpuadmin/data/mv_trailer/tt0077745
tt0077975,/home/gpuadmin/data/mv_trailer/tt0077975
tt0078087,/home/gpuadmin/data/mv_trailer/tt0078087
tt0078158,/home/gpuadmin/data/mv_trailer/tt0078158
tt0078346,/home/gpuadmin/data/mv_trailer/tt0078346
tt0078480,/home/gpuadmin/data/mv_trailer/tt0078480
tt0078721,/home/gpuadmin/data/mv_trailer/tt0078721
tt0078723,/home/gpuadmin/data/mv_trailer/tt0078723
tt0078748,/home/gpuadmin/data/mv_trailer/tt0078748
tt0078754,/home/gpuadmin/data/mv_trailer/tt0078754
tt0078788,/home/gpuadmin/data/mv_trailer/tt0078788
tt0078902,/home/gpuadmin/data/mv_trailer/tt0078902
tt0078935,/home/gpuadmin/data/mv_trailer/tt0078935
tt0079116,/home/gpuadmin/data/mv_trailer/tt0079116
tt0079261,/home/gpuadmin/data/mv_trailer/tt0079261
tt0079285,/home/gpuadmin/data/mv_trailer/tt0079285
tt0079417,/home/gpuadmin/data/mv_trailer/tt0079417
tt0079489,/home/gpuadmin/data/mv_trailer/tt0079489
tt0079501,/home/gpuadmin/data/mv_trailer/tt0079501
tt0079522,/home/gpuadmin/data/mv_trailer/tt0079522
tt0079540,/home/gpuadmin/data/mv_trailer/tt0079540
tt0079574,/home/gpuadmin/data/mv_trailer/tt0079574
tt0079766,/home/gpuadmin/data/mv_trailer/tt0079766
tt0079817,/home/gpuadmin/data/mv_trailer/tt0079817
tt0080025,/home/gpuadmin/data/mv_trailer/tt0080025
tt0080031,/home/gpuadmin/data/mv_trailer/tt0080031
tt0080319,/home/gpuadmin/data/mv_trailer/tt0080319
tt0080339,/home/gpuadmin/data/mv_trailer/tt0080339
tt0080360,/home/gpuadmin/data/mv_trailer/tt0080360
tt0080365,/home/gpuadmin/data/mv_trailer/tt0080365
tt0080377,/home/gpuadmin/data/mv_trailer/tt0080377
tt0080391,/home/gpuadmin/data/mv_trailer/tt0080391
tt0080421,/home/gpuadmin/data/mv_trailer/tt0080421
tt0080472,/home/gpuadmin/data/mv_trailer/tt0080472
tt0080474,/home/gpuadmin/data/mv_trailer/tt0080474
tt0080487,/home/gpuadmin/data/mv_trailer/tt0080487
tt0080661,/home/gpuadmin/data/mv_trailer/tt0080661
tt0080684,/home/gpuadmin/data/mv_trailer/tt0080684
tt0080745,/home/gpuadmin/data/mv_trailer/tt0080745
tt0080761,/home/gpuadmin/data/mv_trailer/tt0080761
tt0080923,/home/gpuadmin/data/mv_trailer/tt0080923
tt0080979,/home/gpuadmin/data/mv_trailer/tt0080979
tt0081114,/home/gpuadmin/data/mv_trailer/tt0081114
tt0081207,/home/gpuadmin/data/mv_trailer/tt0081207
tt0081283,/home/gpuadmin/data/mv_trailer/tt0081283
tt0081375,/home/gpuadmin/data/mv_trailer/tt0081375
tt0081383,/home/gpuadmin/data/mv_trailer/tt0081383
tt0081455,/home/gpuadmin/data/mv_trailer/tt0081455
tt0081505,/home/gpuadmin/data/mv_trailer/tt0081505
tt0081534,/home/gpuadmin/data/mv_trailer/tt0081534
tt0081573,/home/gpuadmin/data/mv_trailer/tt0081573
tt0081696,/home/gpuadmin/data/mv_trailer/tt0081696
tt0081748,/home/gpuadmin/data/mv_trailer/tt0081748
tt0082009,/home/gpuadmin/data/mv_trailer/tt0082009
tt0082031,/home/gpuadmin/data/mv_trailer/tt0082031
tt0082085,/home/gpuadmin/data/mv_trailer/tt0082085
tt0082089,/home/gpuadmin/data/mv_trailer/tt0082089
tt0082158,/home/gpuadmin/data/mv_trailer/tt0082158
tt0082220,/home/gpuadmin/data/mv_trailer/tt0082220
tt0082288,/home/gpuadmin/data/mv_trailer/tt0082288
tt0082340,/home/gpuadmin/data/mv_trailer/tt0082340
tt0082348,/home/gpuadmin/data/mv_trailer/tt0082348
tt0082398,/home/gpuadmin/data/mv_trailer/tt0082398
tt0082418,/home/gpuadmin/data/mv_trailer/tt0082418
tt0082432,/home/gpuadmin/data/mv_trailer/tt0082432
tt0082449,/home/gpuadmin/data/mv_trailer/tt0082449
tt0082495,/home/gpuadmin/data/mv_trailer/tt0082495
tt0082498,/home/gpuadmin/data/mv_trailer/tt0082498
tt0082509,/home/gpuadmin/data/mv_trailer/tt0082509
tt0082517,/home/gpuadmin/data/mv_trailer/tt0082517
tt0082727,/home/gpuadmin/data/mv_trailer/tt0082727
tt0082766,/home/gpuadmin/data/mv_trailer/tt0082766
tt0082782,/home/gpuadmin/data/mv_trailer/tt0082782
tt0082846,/home/gpuadmin/data/mv_trailer/tt0082846
tt0082869,/home/gpuadmin/data/mv_trailer/tt0082869
tt0082933,/home/gpuadmin/data/mv_trailer/tt0082933
tt0082970,/home/gpuadmin/data/mv_trailer/tt0082970
tt0082971,/home/gpuadmin/data/mv_trailer/tt0082971
tt0083284,/home/gpuadmin/data/mv_trailer/tt0083284
tt0083511,/home/gpuadmin/data/mv_trailer/tt0083511
tt0083530,/home/gpuadmin/data/mv_trailer/tt0083530
tt0083542,/home/gpuadmin/data/mv_trailer/tt0083542
tt0083564,/home/gpuadmin/data/mv_trailer/tt0083564
tt0083624,/home/gpuadmin/data/mv_trailer/tt0083624
tt0083658,/home/gpuadmin/data/mv_trailer/tt0083658
tt0083722,/home/gpuadmin/data/mv_trailer/tt0083722
tt0083767,/home/gpuadmin/data/mv_trailer/tt0083767
tt0083806,/home/gpuadmin/data/mv_trailer/tt0083806
tt0083929,/home/gpuadmin/data/mv_trailer/tt0083929
tt0083943,/home/gpuadmin/data/mv_trailer/tt0083943
tt0083944,/home/gpuadmin/data/mv_trailer/tt0083944
tt0084021,/home/gpuadmin/data/mv_trailer/tt0084021
tt0084112,/home/gpuadmin/data/mv_trailer/tt0084112
tt0084370,/home/gpuadmin/data/mv_trailer/tt0084370
tt0084503,/home/gpuadmin/data/mv_trailer/tt0084503
tt0084516,/home/gpuadmin/data/mv_trailer/tt0084516
tt0084522,/home/gpuadmin/data/mv_trailer/tt0084522
tt0084602,/home/gpuadmin/data/mv_trailer/tt0084602
tt0084707,/home/gpuadmin/data/mv_trailer/tt0084707
tt0084777,/home/gpuadmin/data/mv_trailer/tt0084777
tt0084786,/home/gpuadmin/data/mv_trailer/tt0084786
tt0084805,/home/gpuadmin/data/mv_trailer/tt0084805
tt0084854,/home/gpuadmin/data/mv_trailer/tt0084854
tt0084899,/home/gpuadmin/data/mv_trailer/tt0084899
tt0085204,/home/gpuadmin/data/mv_trailer/tt0085204
tt0085255,/home/gpuadmin/data/mv_trailer/tt0085255
tt0085271,/home/gpuadmin/data/mv_trailer/tt0085271
tt0085276,/home/gpuadmin/data/mv_trailer/tt0085276
tt0085382,/home/gpuadmin/data/mv_trailer/tt0085382
tt0085475,/home/gpuadmin/data/mv_trailer/tt0085475
tt0085636,/home/gpuadmin/data/mv_trailer/tt0085636
tt0085672,/home/gpuadmin/data/mv_trailer/tt0085672
tt0085701,/home/gpuadmin/data/mv_trailer/tt0085701
tt0085724,/home/gpuadmin/data/mv_trailer/tt0085724
tt0085750,/home/gpuadmin/data/mv_trailer/tt0085750
tt0085809,/home/gpuadmin/data/mv_trailer/tt0085809
tt0085811,/home/gpuadmin/data/mv_trailer/tt0085811
tt0085937,/home/gpuadmin/data/mv_trailer/tt0085937
tt0085970,/home/gpuadmin/data/mv_trailer/tt0085970
tt0085980,/home/gpuadmin/data/mv_trailer/tt0085980
tt0085995,/home/gpuadmin/data/mv_trailer/tt0085995
tt0086034,/home/gpuadmin/data/mv_trailer/tt0086034
tt0086143,/home/gpuadmin/data/mv_trailer/tt0086143
tt0086154,/home/gpuadmin/data/mv_trailer/tt0086154
tt0086190,/home/gpuadmin/data/mv_trailer/tt0086190
tt0086200,/home/gpuadmin/data/mv_trailer/tt0086200
tt0086250,/home/gpuadmin/data/mv_trailer/tt0086250
tt0086320,/home/gpuadmin/data/mv_trailer/tt0086320
tt0086361,/home/gpuadmin/data/mv_trailer/tt0086361
tt0086383,/home/gpuadmin/data/mv_trailer/tt0086383
tt0086425,/home/gpuadmin/data/mv_trailer/tt0086425
tt0086450,/home/gpuadmin/data/mv_trailer/tt0086450
tt0086508,/home/gpuadmin/data/mv_trailer/tt0086508
tt0086525,/home/gpuadmin/data/mv_trailer/tt0086525
tt0086541,/home/gpuadmin/data/mv_trailer/tt0086541
tt0086567,/home/gpuadmin/data/mv_trailer/tt0086567
tt0086859,/home/gpuadmin/data/mv_trailer/tt0086859
tt0086879,/home/gpuadmin/data/mv_trailer/tt0086879
tt0086960,/home/gpuadmin/data/mv_trailer/tt0086960
tt0086973,/home/gpuadmin/data/mv_trailer/tt0086973
tt0087032,/home/gpuadmin/data/mv_trailer/tt0087032
tt0087050,/home/gpuadmin/data/mv_trailer/tt0087050
tt0087065,/home/gpuadmin/data/mv_trailer/tt0087065
tt0087277,/home/gpuadmin/data/mv_trailer/tt0087277
tt0087332,/home/gpuadmin/data/mv_trailer/tt0087332
tt0087363,/home/gpuadmin/data/mv_trailer/tt0087363
tt0087469,/home/gpuadmin/data/mv_trailer/tt0087469
tt0087507,/home/gpuadmin/data/mv_trailer/tt0087507
tt0087747,/home/gpuadmin/data/mv_trailer/tt0087747
tt0087843,/home/gpuadmin/data/mv_trailer/tt0087843
tt0087884,/home/gpuadmin/data/mv_trailer/tt0087884
tt0087909,/home/gpuadmin/data/mv_trailer/tt0087909
tt0087921,/home/gpuadmin/data/mv_trailer/tt0087921
tt0087928,/home/gpuadmin/data/mv_trailer/tt0087928
tt0087985,/home/gpuadmin/data/mv_trailer/tt0087985
tt0087995,/home/gpuadmin/data/mv_trailer/tt0087995
tt0088000,/home/gpuadmin/data/mv_trailer/tt0088000
tt0088103,/home/gpuadmin/data/mv_trailer/tt0088103
tt0088128,/home/gpuadmin/data/mv_trailer/tt0088128
tt0088161,/home/gpuadmin/data/mv_trailer/tt0088161
tt0088170,/home/gpuadmin/data/mv_trailer/tt0088170
tt0088172,/home/gpuadmin/data/mv_trailer/tt0088172
tt0088206,/home/gpuadmin/data/mv_trailer/tt0088206
tt0088258,/home/gpuadmin/data/mv_trailer/tt0088258
tt0088680,/home/gpuadmin/data/mv_trailer/tt0088680
tt0088708,/home/gpuadmin/data/mv_trailer/tt0088708
tt0088763,/home/gpuadmin/data/mv_trailer/tt0088763
tt0088846,/home/gpuadmin/data/mv_trailer/tt0088846
tt0088850,/home/gpuadmin/data/mv_trailer/tt0088850
tt0088889,/home/gpuadmin/data/mv_trailer/tt0088889
tt0088930,/home/gpuadmin/data/mv_trailer/tt0088930
tt0088944,/home/gpuadmin/data/mv_trailer/tt0088944
tt0089003,/home/gpuadmin/data/mv_trailer/tt0089003
tt0089015,/home/gpuadmin/data/mv_trailer/tt0089015
tt0089092,/home/gpuadmin/data/mv_trailer/tt0089092
tt0089114,/home/gpuadmin/data/mv_trailer/tt0089114
tt0089118,/home/gpuadmin/data/mv_trailer/tt0089118
tt0089122,/home/gpuadmin/data/mv_trailer/tt0089122
tt0089155,/home/gpuadmin/data/mv_trailer/tt0089155
tt0089175,/home/gpuadmin/data/mv_trailer/tt0089175
tt0089360,/home/gpuadmin/data/mv_trailer/tt0089360
tt0089393,/home/gpuadmin/data/mv_trailer/tt0089393
tt0089421,/home/gpuadmin/data/mv_trailer/tt0089421
tt0089424,/home/gpuadmin/data/mv_trailer/tt0089424
tt0089457,/home/gpuadmin/data/mv_trailer/tt0089457
tt0089469,/home/gpuadmin/data/mv_trailer/tt0089469
tt0089489,/home/gpuadmin/data/mv_trailer/tt0089489
tt0089504,/home/gpuadmin/data/mv_trailer/tt0089504
tt0089530,/home/gpuadmin/data/mv_trailer/tt0089530
tt0089604,/home/gpuadmin/data/mv_trailer/tt0089604
tt0089643,/home/gpuadmin/data/mv_trailer/tt0089643
tt0089755,/home/gpuadmin/data/mv_trailer/tt0089755
tt0089767,/home/gpuadmin/data/mv_trailer/tt0089767
tt0089791,/home/gpuadmin/data/mv_trailer/tt0089791
tt0089822,/home/gpuadmin/data/mv_trailer/tt0089822
tt0089841,/home/gpuadmin/data/mv_trailer/tt0089841
tt0089880,/home/gpuadmin/data/mv_trailer/tt0089880
tt0089881,/home/gpuadmin/data/mv_trailer/tt0089881
tt0089886,/home/gpuadmin/data/mv_trailer/tt0089886
tt0089893,/home/gpuadmin/data/mv_trailer/tt0089893
tt0089901,/home/gpuadmin/data/mv_trailer/tt0089901
tt0089913,/home/gpuadmin/data/mv_trailer/tt0089913
tt0089927,/home/gpuadmin/data/mv_trailer/tt0089927
tt0089941,/home/gpuadmin/data/mv_trailer/tt0089941
tt0090022,/home/gpuadmin/data/mv_trailer/tt0090022
tt0090056,/home/gpuadmin/data/mv_trailer/tt0090056
tt0090060,/home/gpuadmin/data/mv_trailer/tt0090060
tt0090098,/home/gpuadmin/data/mv_trailer/tt0090098
tt0090142,/home/gpuadmin/data/mv_trailer/tt0090142
tt0090180,/home/gpuadmin/data/mv_trailer/tt0090180
tt0090184,/home/gpuadmin/data/mv_trailer/tt0090184
tt0090305,/home/gpuadmin/data/mv_trailer/tt0090305
tt0090329,/home/gpuadmin/data/mv_trailer/tt0090329
tt0090357,/home/gpuadmin/data/mv_trailer/tt0090357
tt0090555,/home/gpuadmin/data/mv_trailer/tt0090555
tt0090567,/home/gpuadmin/data/mv_trailer/tt0090567
tt0090605,/home/gpuadmin/data/mv_trailer/tt0090605
tt0090660,/home/gpuadmin/data/mv_trailer/tt0090660
tt0090670,/home/gpuadmin/data/mv_trailer/tt0090670
tt0090683,/home/gpuadmin/data/mv_trailer/tt0090683
tt0090738,/home/gpuadmin/data/mv_trailer/tt0090738
tt0090756,/home/gpuadmin/data/mv_trailer/tt0090756
tt0090837,/home/gpuadmin/data/mv_trailer/tt0090837
tt0090856,/home/gpuadmin/data/mv_trailer/tt0090856
tt0090859,/home/gpuadmin/data/mv_trailer/tt0090859
tt0090888,/home/gpuadmin/data/mv_trailer/tt0090888
tt0091042,/home/gpuadmin/data/mv_trailer/tt0091042
tt0091053,/home/gpuadmin/data/mv_trailer/tt0091053
tt0091083,/home/gpuadmin/data/mv_trailer/tt0091083
tt0091187,/home/gpuadmin/data/mv_trailer/tt0091187
tt0091203,/home/gpuadmin/data/mv_trailer/tt0091203
tt0091217,/home/gpuadmin/data/mv_trailer/tt0091217
tt0091225,/home/gpuadmin/data/mv_trailer/tt0091225
tt0091278,/home/gpuadmin/data/mv_trailer/tt0091278
tt0091288,/home/gpuadmin/data/mv_trailer/tt0091288
tt0091369,/home/gpuadmin/data/mv_trailer/tt0091369
tt0091374,/home/gpuadmin/data/mv_trailer/tt0091374
tt0091396,/home/gpuadmin/data/mv_trailer/tt0091396
tt0091419,/home/gpuadmin/data/mv_trailer/tt0091419
tt0091474,/home/gpuadmin/data/mv_trailer/tt0091474
tt0091499,/home/gpuadmin/data/mv_trailer/tt0091499
tt0091538,/home/gpuadmin/data/mv_trailer/tt0091538
tt0091613,/home/gpuadmin/data/mv_trailer/tt0091613
tt0091630,/home/gpuadmin/data/mv_trailer/tt0091630
tt0091653,/home/gpuadmin/data/mv_trailer/tt0091653
tt0091680,/home/gpuadmin/data/mv_trailer/tt0091680
tt0091738,/home/gpuadmin/data/mv_trailer/tt0091738
tt0091763,/home/gpuadmin/data/mv_trailer/tt0091763
tt0091767,/home/gpuadmin/data/mv_trailer/tt0091767
tt0091777,/home/gpuadmin/data/mv_trailer/tt0091777
tt0091778,/home/gpuadmin/data/mv_trailer/tt0091778
tt0091790,/home/gpuadmin/data/mv_trailer/tt0091790
tt0091828,/home/gpuadmin/data/mv_trailer/tt0091828
tt0091829,/home/gpuadmin/data/mv_trailer/tt0091829
tt0091860,/home/gpuadmin/data/mv_trailer/tt0091860
tt0091877,/home/gpuadmin/data/mv_trailer/tt0091877
tt0091954,/home/gpuadmin/data/mv_trailer/tt0091954
tt0091983,/home/gpuadmin/data/mv_trailer/tt0091983
tt0091991,/home/gpuadmin/data/mv_trailer/tt0091991
tt0092005,/home/gpuadmin/data/mv_trailer/tt0092005
tt0092007,/home/gpuadmin/data/mv_trailer/tt0092007
tt0092086,/home/gpuadmin/data/mv_trailer/tt0092086
tt0092099,/home/gpuadmin/data/mv_trailer/tt0092099
tt0092494,/home/gpuadmin/data/mv_trailer/tt0092494
tt0092546,/home/gpuadmin/data/mv_trailer/tt0092546
tt0092563,/home/gpuadmin/data/mv_trailer/tt0092563
tt0092585,/home/gpuadmin/data/mv_trailer/tt0092585
tt0092593,/home/gpuadmin/data/mv_trailer/tt0092593
tt0092608,/home/gpuadmin/data/mv_trailer/tt0092608
tt0092618,/home/gpuadmin/data/mv_trailer/tt0092618
tt0092644,/home/gpuadmin/data/mv_trailer/tt0092644
tt0092675,/home/gpuadmin/data/mv_trailer/tt0092675
tt0092699,/home/gpuadmin/data/mv_trailer/tt0092699
tt0092718,/home/gpuadmin/data/mv_trailer/tt0092718
tt0092796,/home/gpuadmin/data/mv_trailer/tt0092796
tt0092857,/home/gpuadmin/data/mv_trailer/tt0092857
tt0092890,/home/gpuadmin/data/mv_trailer/tt0092890
tt0092906,/home/gpuadmin/data/mv_trailer/tt0092906
tt0092965,/home/gpuadmin/data/mv_trailer/tt0092965
tt0092991,/home/gpuadmin/data/mv_trailer/tt0092991
tt0093010,/home/gpuadmin/data/mv_trailer/tt0093010
tt0093011,/home/gpuadmin/data/mv_trailer/tt0093011
tt0093058,/home/gpuadmin/data/mv_trailer/tt0093058
tt0093073,/home/gpuadmin/data/mv_trailer/tt0093073
tt0093105,/home/gpuadmin/data/mv_trailer/tt0093105
tt0093137,/home/gpuadmin/data/mv_trailer/tt0093137
tt0093148,/home/gpuadmin/data/mv_trailer/tt0093148
tt0093164,/home/gpuadmin/data/mv_trailer/tt0093164
tt0093171,/home/gpuadmin/data/mv_trailer/tt0093171
tt0093177,/home/gpuadmin/data/mv_trailer/tt0093177
tt0093200,/home/gpuadmin/data/mv_trailer/tt0093200
tt0093220,/home/gpuadmin/data/mv_trailer/tt0093220
tt0093223,/home/gpuadmin/data/mv_trailer/tt0093223
tt0093260,/home/gpuadmin/data/mv_trailer/tt0093260
tt0093407,/home/gpuadmin/data/mv_trailer/tt0093407
tt0093409,/home/gpuadmin/data/mv_trailer/tt0093409
tt0093476,/home/gpuadmin/data/mv_trailer/tt0093476
tt0093489,/home/gpuadmin/data/mv_trailer/tt0093489
tt0093507,/home/gpuadmin/data/mv_trailer/tt0093507
tt0093509,/home/gpuadmin/data/mv_trailer/tt0093509
tt0093565,/home/gpuadmin/data/mv_trailer/tt0093565
tt0093605,/home/gpuadmin/data/mv_trailer/tt0093605
tt0093638,/home/gpuadmin/data/mv_trailer/tt0093638
tt0093640,/home/gpuadmin/data/mv_trailer/tt0093640
tt0093692,/home/gpuadmin/data/mv_trailer/tt0093692
tt0093693,/home/gpuadmin/data/mv_trailer/tt0093693
tt0093748,/home/gpuadmin/data/mv_trailer/tt0093748
tt0093756,/home/gpuadmin/data/mv_trailer/tt0093756
tt0093777,/home/gpuadmin/data/mv_trailer/tt0093777
tt0093822,/home/gpuadmin/data/mv_trailer/tt0093822
tt0093857,/home/gpuadmin/data/mv_trailer/tt0093857
tt0093870,/home/gpuadmin/data/mv_trailer/tt0093870
tt0093886,/home/gpuadmin/data/mv_trailer/tt0093886
tt0093993,/home/gpuadmin/data/mv_trailer/tt0093993
tt0094006,/home/gpuadmin/data/mv_trailer/tt0094006
tt0094008,/home/gpuadmin/data/mv_trailer/tt0094008
tt0094012,/home/gpuadmin/data/mv_trailer/tt0094012
tt0094027,/home/gpuadmin/data/mv_trailer/tt0094027
tt0094138,/home/gpuadmin/data/mv_trailer/tt0094138
tt0094142,/home/gpuadmin/data/mv_trailer/tt0094142
tt0094155,/home/gpuadmin/data/mv_trailer/tt0094155
tt0094291,/home/gpuadmin/data/mv_trailer/tt0094291
tt0094336,/home/gpuadmin/data/mv_trailer/tt0094336
tt0094602,/home/gpuadmin/data/mv_trailer/tt0094602
tt0094612,/home/gpuadmin/data/mv_trailer/tt0094612
tt0094625,/home/gpuadmin/data/mv_trailer/tt0094625
tt0094673,/home/gpuadmin/data/mv_trailer/tt0094673
tt0094737,/home/gpuadmin/data/mv_trailer/tt0094737
tt0094792,/home/gpuadmin/data/mv_trailer/tt0094792
tt0094799,/home/gpuadmin/data/mv_trailer/tt0094799
tt0094862,/home/gpuadmin/data/mv_trailer/tt0094862
tt0094894,/home/gpuadmin/data/mv_trailer/tt0094894
tt0094898,/home/gpuadmin/data/mv_trailer/tt0094898
tt0094933,/home/gpuadmin/data/mv_trailer/tt0094933
tt0094947,/home/gpuadmin/data/mv_trailer/tt0094947
tt0094964,/home/gpuadmin/data/mv_trailer/tt0094964
tt0095016,/home/gpuadmin/data/mv_trailer/tt0095016
tt0095174,/home/gpuadmin/data/mv_trailer/tt0095174
tt0095179,/home/gpuadmin/data/mv_trailer/tt0095179
tt0095271,/home/gpuadmin/data/mv_trailer/tt0095271
tt0095294,/home/gpuadmin/data/mv_trailer/tt0095294
tt0095484,/home/gpuadmin/data/mv_trailer/tt0095484
tt0095583,/home/gpuadmin/data/mv_trailer/tt0095583
tt0095631,/home/gpuadmin/data/mv_trailer/tt0095631
tt0095647,/home/gpuadmin/data/mv_trailer/tt0095647
tt0095652,/home/gpuadmin/data/mv_trailer/tt0095652
tt0095655,/home/gpuadmin/data/mv_trailer/tt0095655
tt0095687,/home/gpuadmin/data/mv_trailer/tt0095687
tt0095863,/home/gpuadmin/data/mv_trailer/tt0095863
tt0095882,/home/gpuadmin/data/mv_trailer/tt0095882
tt0095889,/home/gpuadmin/data/mv_trailer/tt0095889
tt0095925,/home/gpuadmin/data/mv_trailer/tt0095925
tt0095953,/home/gpuadmin/data/mv_trailer/tt0095953
tt0095956,/home/gpuadmin/data/mv_trailer/tt0095956
tt0095963,/home/gpuadmin/data/mv_trailer/tt0095963
tt0096061,/home/gpuadmin/data/mv_trailer/tt0096061
tt0096142,/home/gpuadmin/data/mv_trailer/tt0096142
tt0096244,/home/gpuadmin/data/mv_trailer/tt0096244
tt0096256,/home/gpuadmin/data/mv_trailer/tt0096256
tt0096320,/home/gpuadmin/data/mv_trailer/tt0096320
tt0096378,/home/gpuadmin/data/mv_trailer/tt0096378
tt0096446,/home/gpuadmin/data/mv_trailer/tt0096446
tt0096463,/home/gpuadmin/data/mv_trailer/tt0096463
tt0096486,/home/gpuadmin/data/mv_trailer/tt0096486
tt0096487,/home/gpuadmin/data/mv_trailer/tt0096487
tt0096787,/home/gpuadmin/data/mv_trailer/tt0096787
tt0096866,/home/gpuadmin/data/mv_trailer/tt0096866
tt0096874,/home/gpuadmin/data/mv_trailer/tt0096874
tt0096895,/home/gpuadmin/data/mv_trailer/tt0096895
tt0096928,/home/gpuadmin/data/mv_trailer/tt0096928
tt0096933,/home/gpuadmin/data/mv_trailer/tt0096933
tt0096969,/home/gpuadmin/data/mv_trailer/tt0096969
tt0097044,/home/gpuadmin/data/mv_trailer/tt0097044
tt0097116,/home/gpuadmin/data/mv_trailer/tt0097116
tt0097123,/home/gpuadmin/data/mv_trailer/tt0097123
tt0097138,/home/gpuadmin/data/mv_trailer/tt0097138
tt0097162,/home/gpuadmin/data/mv_trailer/tt0097162
tt0097165,/home/gpuadmin/data/mv_trailer/tt0097165
tt0097216,/home/gpuadmin/data/mv_trailer/tt0097216
tt0097236,/home/gpuadmin/data/mv_trailer/tt0097236
tt0097239,/home/gpuadmin/data/mv_trailer/tt0097239
tt0097240,/home/gpuadmin/data/mv_trailer/tt0097240
tt0097351,/home/gpuadmin/data/mv_trailer/tt0097351
tt0097366,/home/gpuadmin/data/mv_trailer/tt0097366
tt0097388,/home/gpuadmin/data/mv_trailer/tt0097388
tt0097428,/home/gpuadmin/data/mv_trailer/tt0097428
tt0097438,/home/gpuadmin/data/mv_trailer/tt0097438
tt0097441,/home/gpuadmin/data/mv_trailer/tt0097441
tt0097481,/home/gpuadmin/data/mv_trailer/tt0097481
tt0097493,/home/gpuadmin/data/mv_trailer/tt0097493
tt0097523,/home/gpuadmin/data/mv_trailer/tt0097523
tt0097550,/home/gpuadmin/data/mv_trailer/tt0097550
tt0097576,/home/gpuadmin/data/mv_trailer/tt0097576
tt0097626,/home/gpuadmin/data/mv_trailer/tt0097626
tt0097637,/home/gpuadmin/data/mv_trailer/tt0097637
tt0097714,/home/gpuadmin/data/mv_trailer/tt0097714
tt0097728,/home/gpuadmin/data/mv_trailer/tt0097728
tt0097731,/home/gpuadmin/data/mv_trailer/tt0097731
tt0097733,/home/gpuadmin/data/mv_trailer/tt0097733
tt0097737,/home/gpuadmin/data/mv_trailer/tt0097737
tt0097742,/home/gpuadmin/data/mv_trailer/tt0097742
tt0097815,/home/gpuadmin/data/mv_trailer/tt0097815
tt0097858,/home/gpuadmin/data/mv_trailer/tt0097858
tt0097889,/home/gpuadmin/data/mv_trailer/tt0097889
tt0097940,/home/gpuadmin/data/mv_trailer/tt0097940
tt0097967,/home/gpuadmin/data/mv_trailer/tt0097967
tt0098042,/home/gpuadmin/data/mv_trailer/tt0098042
tt0098067,/home/gpuadmin/data/mv_trailer/tt0098067
tt0098084,/home/gpuadmin/data/mv_trailer/tt0098084
tt0098105,/home/gpuadmin/data/mv_trailer/tt0098105
tt0098206,/home/gpuadmin/data/mv_trailer/tt0098206
tt0098258,/home/gpuadmin/data/mv_trailer/tt0098258
tt0098273,/home/gpuadmin/data/mv_trailer/tt0098273
tt0098309,/home/gpuadmin/data/mv_trailer/tt0098309
tt0098382,/home/gpuadmin/data/mv_trailer/tt0098382
tt0098384,/home/gpuadmin/data/mv_trailer/tt0098384
tt0098439,/home/gpuadmin/data/mv_trailer/tt0098439
tt0098536,/home/gpuadmin/data/mv_trailer/tt0098536
tt0098546,/home/gpuadmin/data/mv_trailer/tt0098546
tt0098554,/home/gpuadmin/data/mv_trailer/tt0098554
tt0098575,/home/gpuadmin/data/mv_trailer/tt0098575
tt0098625,/home/gpuadmin/data/mv_trailer/tt0098625
tt0098627,/home/gpuadmin/data/mv_trailer/tt0098627
tt0098635,/home/gpuadmin/data/mv_trailer/tt0098635
tt0098645,/home/gpuadmin/data/mv_trailer/tt0098645
tt0099005,/home/gpuadmin/data/mv_trailer/tt0099005
tt0099012,/home/gpuadmin/data/mv_trailer/tt0099012
tt0099052,/home/gpuadmin/data/mv_trailer/tt0099052
tt0099077,/home/gpuadmin/data/mv_trailer/tt0099077
tt0099088,/home/gpuadmin/data/mv_trailer/tt0099088
tt0099141,/home/gpuadmin/data/mv_trailer/tt0099141
tt0099160,/home/gpuadmin/data/mv_trailer/tt0099160
